scenario_id,title,description,category,priority
access-login-loop,"Cannot sign in (web portal, portal)",My password is accepted but the customer portal keeps returning me to the login page. Reported through support portal for the customer web portal.,ACCESS,MEDIUM
access-login-loop,"Cannot sign in (mobile app, portal)",My password is accepted but the customer portal keeps returning me to the login page. Reported through support portal for the mobile application.,ACCESS,MEDIUM
access-login-loop,"Cannot sign in (partner integration, portal)",My password is accepted but the customer portal keeps returning me to the login page. Reported through support portal for the partner integration.,ACCESS,MEDIUM
access-login-loop,"Cannot sign in (operations console, portal)",My password is accepted but the customer portal keeps returning me to the login page. Reported through support portal for the internal operations console.,ACCESS,MEDIUM
access-login-loop,"Cannot sign in (service desk, portal)",My password is accepted but the customer portal keeps returning me to the login page. Reported through support portal for the regional service desk.,ACCESS,MEDIUM
access-login-loop,"Cannot sign in (web portal, email)",My password is accepted but the customer portal keeps returning me to the login page. Reported through email for the customer web portal.,ACCESS,MEDIUM
access-login-loop,"Cannot sign in (mobile app, email)",My password is accepted but the customer portal keeps returning me to the login page. Reported through email for the mobile application.,ACCESS,MEDIUM
access-login-loop,"Cannot sign in (partner integration, email)",My password is accepted but the customer portal keeps returning me to the login page. Reported through email for the partner integration.,ACCESS,MEDIUM
access-login-loop,"Cannot sign in (operations console, email)",My password is accepted but the customer portal keeps returning me to the login page. Reported through email for the internal operations console.,ACCESS,MEDIUM
access-login-loop,"Cannot sign in (service desk, email)",My password is accepted but the customer portal keeps returning me to the login page. Reported through email for the regional service desk.,ACCESS,MEDIUM
access-login-loop,"Cannot sign in (web portal, phone)",My password is accepted but the customer portal keeps returning me to the login page. Reported through telephone for the customer web portal.,ACCESS,MEDIUM
access-login-loop,"Cannot sign in (mobile app, phone)",My password is accepted but the customer portal keeps returning me to the login page. Reported through telephone for the mobile application.,ACCESS,MEDIUM
access-login-loop,"Cannot sign in (partner integration, phone)",My password is accepted but the customer portal keeps returning me to the login page. Reported through telephone for the partner integration.,ACCESS,MEDIUM
access-login-loop,"Cannot sign in (operations console, phone)",My password is accepted but the customer portal keeps returning me to the login page. Reported through telephone for the internal operations console.,ACCESS,MEDIUM
access-login-loop,"Cannot sign in (service desk, phone)",My password is accepted but the customer portal keeps returning me to the login page. Reported through telephone for the regional service desk.,ACCESS,MEDIUM
access-login-loop,"Cannot sign in (web portal, chat)",My password is accepted but the customer portal keeps returning me to the login page. Reported through live chat for the customer web portal.,ACCESS,MEDIUM
access-login-loop,"Cannot sign in (mobile app, chat)",My password is accepted but the customer portal keeps returning me to the login page. Reported through live chat for the mobile application.,ACCESS,MEDIUM
access-login-loop,"Cannot sign in (partner integration, chat)",My password is accepted but the customer portal keeps returning me to the login page. Reported through live chat for the partner integration.,ACCESS,MEDIUM
access-login-loop,"Cannot sign in (operations console, chat)",My password is accepted but the customer portal keeps returning me to the login page. Reported through live chat for the internal operations console.,ACCESS,MEDIUM
access-login-loop,"Cannot sign in (service desk, chat)",My password is accepted but the customer portal keeps returning me to the login page. Reported through live chat for the regional service desk.,ACCESS,MEDIUM
access-login-loop,"Cannot sign in (web portal, monitoring)",My password is accepted but the customer portal keeps returning me to the login page. Reported through monitoring alert for the customer web portal.,ACCESS,MEDIUM
access-login-loop,"Cannot sign in (mobile app, monitoring)",My password is accepted but the customer portal keeps returning me to the login page. Reported through monitoring alert for the mobile application.,ACCESS,MEDIUM
access-login-loop,"Cannot sign in (partner integration, monitoring)",My password is accepted but the customer portal keeps returning me to the login page. Reported through monitoring alert for the partner integration.,ACCESS,MEDIUM
access-login-loop,"Cannot sign in (operations console, monitoring)",My password is accepted but the customer portal keeps returning me to the login page. Reported through monitoring alert for the internal operations console.,ACCESS,MEDIUM
access-login-loop,"Cannot sign in (service desk, monitoring)",My password is accepted but the customer portal keeps returning me to the login page. Reported through monitoring alert for the regional service desk.,ACCESS,MEDIUM
access-new-starter,"New starter needs account (web portal, portal)",Please create standard application access for the employee joining next Monday. Reported through support portal for the customer web portal.,ACCESS,LOW
access-new-starter,"New starter needs account (mobile app, portal)",Please create standard application access for the employee joining next Monday. Reported through support portal for the mobile application.,ACCESS,LOW
access-new-starter,"New starter needs account (partner integration, portal)",Please create standard application access for the employee joining next Monday. Reported through support portal for the partner integration.,ACCESS,LOW
access-new-starter,"New starter needs account (operations console, portal)",Please create standard application access for the employee joining next Monday. Reported through support portal for the internal operations console.,ACCESS,LOW
access-new-starter,"New starter needs account (service desk, portal)",Please create standard application access for the employee joining next Monday. Reported through support portal for the regional service desk.,ACCESS,LOW
access-new-starter,"New starter needs account (web portal, email)",Please create standard application access for the employee joining next Monday. Reported through email for the customer web portal.,ACCESS,LOW
access-new-starter,"New starter needs account (mobile app, email)",Please create standard application access for the employee joining next Monday. Reported through email for the mobile application.,ACCESS,LOW
access-new-starter,"New starter needs account (partner integration, email)",Please create standard application access for the employee joining next Monday. Reported through email for the partner integration.,ACCESS,LOW
access-new-starter,"New starter needs account (operations console, email)",Please create standard application access for the employee joining next Monday. Reported through email for the internal operations console.,ACCESS,LOW
access-new-starter,"New starter needs account (service desk, email)",Please create standard application access for the employee joining next Monday. Reported through email for the regional service desk.,ACCESS,LOW
access-new-starter,"New starter needs account (web portal, phone)",Please create standard application access for the employee joining next Monday. Reported through telephone for the customer web portal.,ACCESS,LOW
access-new-starter,"New starter needs account (mobile app, phone)",Please create standard application access for the employee joining next Monday. Reported through telephone for the mobile application.,ACCESS,LOW
access-new-starter,"New starter needs account (partner integration, phone)",Please create standard application access for the employee joining next Monday. Reported through telephone for the partner integration.,ACCESS,LOW
access-new-starter,"New starter needs account (operations console, phone)",Please create standard application access for the employee joining next Monday. Reported through telephone for the internal operations console.,ACCESS,LOW
access-new-starter,"New starter needs account (service desk, phone)",Please create standard application access for the employee joining next Monday. Reported through telephone for the regional service desk.,ACCESS,LOW
access-new-starter,"New starter needs account (web portal, chat)",Please create standard application access for the employee joining next Monday. Reported through live chat for the customer web portal.,ACCESS,LOW
access-new-starter,"New starter needs account (mobile app, chat)",Please create standard application access for the employee joining next Monday. Reported through live chat for the mobile application.,ACCESS,LOW
access-new-starter,"New starter needs account (partner integration, chat)",Please create standard application access for the employee joining next Monday. Reported through live chat for the partner integration.,ACCESS,LOW
access-new-starter,"New starter needs account (operations console, chat)",Please create standard application access for the employee joining next Monday. Reported through live chat for the internal operations console.,ACCESS,LOW
access-new-starter,"New starter needs account (service desk, chat)",Please create standard application access for the employee joining next Monday. Reported through live chat for the regional service desk.,ACCESS,LOW
access-new-starter,"New starter needs account (web portal, monitoring)",Please create standard application access for the employee joining next Monday. Reported through monitoring alert for the customer web portal.,ACCESS,LOW
access-new-starter,"New starter needs account (mobile app, monitoring)",Please create standard application access for the employee joining next Monday. Reported through monitoring alert for the mobile application.,ACCESS,LOW
access-new-starter,"New starter needs account (partner integration, monitoring)",Please create standard application access for the employee joining next Monday. Reported through monitoring alert for the partner integration.,ACCESS,LOW
access-new-starter,"New starter needs account (operations console, monitoring)",Please create standard application access for the employee joining next Monday. Reported through monitoring alert for the internal operations console.,ACCESS,LOW
access-new-starter,"New starter needs account (service desk, monitoring)",Please create standard application access for the employee joining next Monday. Reported through monitoring alert for the regional service desk.,ACCESS,LOW
access-admin-mfa,"Administrator locked out (web portal, portal)",The only production administrator cannot pass multi factor authentication. Reported through support portal for the customer web portal.,ACCESS,HIGH
access-admin-mfa,"Administrator locked out (mobile app, portal)",The only production administrator cannot pass multi factor authentication. Reported through support portal for the mobile application.,ACCESS,HIGH
access-admin-mfa,"Administrator locked out (partner integration, portal)",The only production administrator cannot pass multi factor authentication. Reported through support portal for the partner integration.,ACCESS,HIGH
access-admin-mfa,"Administrator locked out (operations console, portal)",The only production administrator cannot pass multi factor authentication. Reported through support portal for the internal operations console.,ACCESS,HIGH
access-admin-mfa,"Administrator locked out (service desk, portal)",The only production administrator cannot pass multi factor authentication. Reported through support portal for the regional service desk.,ACCESS,HIGH
access-admin-mfa,"Administrator locked out (web portal, email)",The only production administrator cannot pass multi factor authentication. Reported through email for the customer web portal.,ACCESS,HIGH
access-admin-mfa,"Administrator locked out (mobile app, email)",The only production administrator cannot pass multi factor authentication. Reported through email for the mobile application.,ACCESS,HIGH
access-admin-mfa,"Administrator locked out (partner integration, email)",The only production administrator cannot pass multi factor authentication. Reported through email for the partner integration.,ACCESS,HIGH
access-admin-mfa,"Administrator locked out (operations console, email)",The only production administrator cannot pass multi factor authentication. Reported through email for the internal operations console.,ACCESS,HIGH
access-admin-mfa,"Administrator locked out (service desk, email)",The only production administrator cannot pass multi factor authentication. Reported through email for the regional service desk.,ACCESS,HIGH
access-admin-mfa,"Administrator locked out (web portal, phone)",The only production administrator cannot pass multi factor authentication. Reported through telephone for the customer web portal.,ACCESS,HIGH
access-admin-mfa,"Administrator locked out (mobile app, phone)",The only production administrator cannot pass multi factor authentication. Reported through telephone for the mobile application.,ACCESS,HIGH
access-admin-mfa,"Administrator locked out (partner integration, phone)",The only production administrator cannot pass multi factor authentication. Reported through telephone for the partner integration.,ACCESS,HIGH
access-admin-mfa,"Administrator locked out (operations console, phone)",The only production administrator cannot pass multi factor authentication. Reported through telephone for the internal operations console.,ACCESS,HIGH
access-admin-mfa,"Administrator locked out (service desk, phone)",The only production administrator cannot pass multi factor authentication. Reported through telephone for the regional service desk.,ACCESS,HIGH
access-admin-mfa,"Administrator locked out (web portal, chat)",The only production administrator cannot pass multi factor authentication. Reported through live chat for the customer web portal.,ACCESS,HIGH
access-admin-mfa,"Administrator locked out (mobile app, chat)",The only production administrator cannot pass multi factor authentication. Reported through live chat for the mobile application.,ACCESS,HIGH
access-admin-mfa,"Administrator locked out (partner integration, chat)",The only production administrator cannot pass multi factor authentication. Reported through live chat for the partner integration.,ACCESS,HIGH
access-admin-mfa,"Administrator locked out (operations console, chat)",The only production administrator cannot pass multi factor authentication. Reported through live chat for the internal operations console.,ACCESS,HIGH
access-admin-mfa,"Administrator locked out (service desk, chat)",The only production administrator cannot pass multi factor authentication. Reported through live chat for the regional service desk.,ACCESS,HIGH
access-admin-mfa,"Administrator locked out (web portal, monitoring)",The only production administrator cannot pass multi factor authentication. Reported through monitoring alert for the customer web portal.,ACCESS,HIGH
access-admin-mfa,"Administrator locked out (mobile app, monitoring)",The only production administrator cannot pass multi factor authentication. Reported through monitoring alert for the mobile application.,ACCESS,HIGH
access-admin-mfa,"Administrator locked out (partner integration, monitoring)",The only production administrator cannot pass multi factor authentication. Reported through monitoring alert for the partner integration.,ACCESS,HIGH
access-admin-mfa,"Administrator locked out (operations console, monitoring)",The only production administrator cannot pass multi factor authentication. Reported through monitoring alert for the internal operations console.,ACCESS,HIGH
access-admin-mfa,"Administrator locked out (service desk, monitoring)",The only production administrator cannot pass multi factor authentication. Reported through monitoring alert for the regional service desk.,ACCESS,HIGH
access-vpn-permission,"VPN permission missing (web portal, portal)",My account connects to VPN but has no permission to reach internal systems. Reported through support portal for the customer web portal.,ACCESS,MEDIUM
access-vpn-permission,"VPN permission missing (mobile app, portal)",My account connects to VPN but has no permission to reach internal systems. Reported through support portal for the mobile application.,ACCESS,MEDIUM
access-vpn-permission,"VPN permission missing (partner integration, portal)",My account connects to VPN but has no permission to reach internal systems. Reported through support portal for the partner integration.,ACCESS,MEDIUM
access-vpn-permission,"VPN permission missing (operations console, portal)",My account connects to VPN but has no permission to reach internal systems. Reported through support portal for the internal operations console.,ACCESS,MEDIUM
access-vpn-permission,"VPN permission missing (service desk, portal)",My account connects to VPN but has no permission to reach internal systems. Reported through support portal for the regional service desk.,ACCESS,MEDIUM
access-vpn-permission,"VPN permission missing (web portal, email)",My account connects to VPN but has no permission to reach internal systems. Reported through email for the customer web portal.,ACCESS,MEDIUM
access-vpn-permission,"VPN permission missing (mobile app, email)",My account connects to VPN but has no permission to reach internal systems. Reported through email for the mobile application.,ACCESS,MEDIUM
access-vpn-permission,"VPN permission missing (partner integration, email)",My account connects to VPN but has no permission to reach internal systems. Reported through email for the partner integration.,ACCESS,MEDIUM
access-vpn-permission,"VPN permission missing (operations console, email)",My account connects to VPN but has no permission to reach internal systems. Reported through email for the internal operations console.,ACCESS,MEDIUM
access-vpn-permission,"VPN permission missing (service desk, email)",My account connects to VPN but has no permission to reach internal systems. Reported through email for the regional service desk.,ACCESS,MEDIUM
access-vpn-permission,"VPN permission missing (web portal, phone)",My account connects to VPN but has no permission to reach internal systems. Reported through telephone for the customer web portal.,ACCESS,MEDIUM
access-vpn-permission,"VPN permission missing (mobile app, phone)",My account connects to VPN but has no permission to reach internal systems. Reported through telephone for the mobile application.,ACCESS,MEDIUM
access-vpn-permission,"VPN permission missing (partner integration, phone)",My account connects to VPN but has no permission to reach internal systems. Reported through telephone for the partner integration.,ACCESS,MEDIUM
access-vpn-permission,"VPN permission missing (operations console, phone)",My account connects to VPN but has no permission to reach internal systems. Reported through telephone for the internal operations console.,ACCESS,MEDIUM
access-vpn-permission,"VPN permission missing (service desk, phone)",My account connects to VPN but has no permission to reach internal systems. Reported through telephone for the regional service desk.,ACCESS,MEDIUM
access-vpn-permission,"VPN permission missing (web portal, chat)",My account connects to VPN but has no permission to reach internal systems. Reported through live chat for the customer web portal.,ACCESS,MEDIUM
access-vpn-permission,"VPN permission missing (mobile app, chat)",My account connects to VPN but has no permission to reach internal systems. Reported through live chat for the mobile application.,ACCESS,MEDIUM
access-vpn-permission,"VPN permission missing (partner integration, chat)",My account connects to VPN but has no permission to reach internal systems. Reported through live chat for the partner integration.,ACCESS,MEDIUM
access-vpn-permission,"VPN permission missing (operations console, chat)",My account connects to VPN but has no permission to reach internal systems. Reported through live chat for the internal operations console.,ACCESS,MEDIUM
access-vpn-permission,"VPN permission missing (service desk, chat)",My account connects to VPN but has no permission to reach internal systems. Reported through live chat for the regional service desk.,ACCESS,MEDIUM
access-vpn-permission,"VPN permission missing (web portal, monitoring)",My account connects to VPN but has no permission to reach internal systems. Reported through monitoring alert for the customer web portal.,ACCESS,MEDIUM
access-vpn-permission,"VPN permission missing (mobile app, monitoring)",My account connects to VPN but has no permission to reach internal systems. Reported through monitoring alert for the mobile application.,ACCESS,MEDIUM
access-vpn-permission,"VPN permission missing (partner integration, monitoring)",My account connects to VPN but has no permission to reach internal systems. Reported through monitoring alert for the partner integration.,ACCESS,MEDIUM
access-vpn-permission,"VPN permission missing (operations console, monitoring)",My account connects to VPN but has no permission to reach internal systems. Reported through monitoring alert for the internal operations console.,ACCESS,MEDIUM
access-vpn-permission,"VPN permission missing (service desk, monitoring)",My account connects to VPN but has no permission to reach internal systems. Reported through monitoring alert for the regional service desk.,ACCESS,MEDIUM
access-token-reset,"Reset authentication token (web portal, portal)",The mobile authenticator was replaced and the old token must be reset. Reported through support portal for the customer web portal.,ACCESS,LOW
access-token-reset,"Reset authentication token (mobile app, portal)",The mobile authenticator was replaced and the old token must be reset. Reported through support portal for the mobile application.,ACCESS,LOW
access-token-reset,"Reset authentication token (partner integration, portal)",The mobile authenticator was replaced and the old token must be reset. Reported through support portal for the partner integration.,ACCESS,LOW
access-token-reset,"Reset authentication token (operations console, portal)",The mobile authenticator was replaced and the old token must be reset. Reported through support portal for the internal operations console.,ACCESS,LOW
access-token-reset,"Reset authentication token (service desk, portal)",The mobile authenticator was replaced and the old token must be reset. Reported through support portal for the regional service desk.,ACCESS,LOW
access-token-reset,"Reset authentication token (web portal, email)",The mobile authenticator was replaced and the old token must be reset. Reported through email for the customer web portal.,ACCESS,LOW
access-token-reset,"Reset authentication token (mobile app, email)",The mobile authenticator was replaced and the old token must be reset. Reported through email for the mobile application.,ACCESS,LOW
access-token-reset,"Reset authentication token (partner integration, email)",The mobile authenticator was replaced and the old token must be reset. Reported through email for the partner integration.,ACCESS,LOW
access-token-reset,"Reset authentication token (operations console, email)",The mobile authenticator was replaced and the old token must be reset. Reported through email for the internal operations console.,ACCESS,LOW
access-token-reset,"Reset authentication token (service desk, email)",The mobile authenticator was replaced and the old token must be reset. Reported through email for the regional service desk.,ACCESS,LOW
access-token-reset,"Reset authentication token (web portal, phone)",The mobile authenticator was replaced and the old token must be reset. Reported through telephone for the customer web portal.,ACCESS,LOW
access-token-reset,"Reset authentication token (mobile app, phone)",The mobile authenticator was replaced and the old token must be reset. Reported through telephone for the mobile application.,ACCESS,LOW
access-token-reset,"Reset authentication token (partner integration, phone)",The mobile authenticator was replaced and the old token must be reset. Reported through telephone for the partner integration.,ACCESS,LOW
access-token-reset,"Reset authentication token (operations console, phone)",The mobile authenticator was replaced and the old token must be reset. Reported through telephone for the internal operations console.,ACCESS,LOW
access-token-reset,"Reset authentication token (service desk, phone)",The mobile authenticator was replaced and the old token must be reset. Reported through telephone for the regional service desk.,ACCESS,LOW
access-token-reset,"Reset authentication token (web portal, chat)",The mobile authenticator was replaced and the old token must be reset. Reported through live chat for the customer web portal.,ACCESS,LOW
access-token-reset,"Reset authentication token (mobile app, chat)",The mobile authenticator was replaced and the old token must be reset. Reported through live chat for the mobile application.,ACCESS,LOW
access-token-reset,"Reset authentication token (partner integration, chat)",The mobile authenticator was replaced and the old token must be reset. Reported through live chat for the partner integration.,ACCESS,LOW
access-token-reset,"Reset authentication token (operations console, chat)",The mobile authenticator was replaced and the old token must be reset. Reported through live chat for the internal operations console.,ACCESS,LOW
access-token-reset,"Reset authentication token (service desk, chat)",The mobile authenticator was replaced and the old token must be reset. Reported through live chat for the regional service desk.,ACCESS,LOW
access-token-reset,"Reset authentication token (web portal, monitoring)",The mobile authenticator was replaced and the old token must be reset. Reported through monitoring alert for the customer web portal.,ACCESS,LOW
access-token-reset,"Reset authentication token (mobile app, monitoring)",The mobile authenticator was replaced and the old token must be reset. Reported through monitoring alert for the mobile application.,ACCESS,LOW
access-token-reset,"Reset authentication token (partner integration, monitoring)",The mobile authenticator was replaced and the old token must be reset. Reported through monitoring alert for the partner integration.,ACCESS,LOW
access-token-reset,"Reset authentication token (operations console, monitoring)",The mobile authenticator was replaced and the old token must be reset. Reported through monitoring alert for the internal operations console.,ACCESS,LOW
access-token-reset,"Reset authentication token (service desk, monitoring)",The mobile authenticator was replaced and the old token must be reset. Reported through monitoring alert for the regional service desk.,ACCESS,LOW
access-finance-outage,"Finance team access lost (web portal, portal)",All finance users suddenly receive access denied for the reporting portal. Reported through support portal for the customer web portal.,ACCESS,HIGH
access-finance-outage,"Finance team access lost (mobile app, portal)",All finance users suddenly receive access denied for the reporting portal. Reported through support portal for the mobile application.,ACCESS,HIGH
access-finance-outage,"Finance team access lost (partner integration, portal)",All finance users suddenly receive access denied for the reporting portal. Reported through support portal for the partner integration.,ACCESS,HIGH
access-finance-outage,"Finance team access lost (operations console, portal)",All finance users suddenly receive access denied for the reporting portal. Reported through support portal for the internal operations console.,ACCESS,HIGH
access-finance-outage,"Finance team access lost (service desk, portal)",All finance users suddenly receive access denied for the reporting portal. Reported through support portal for the regional service desk.,ACCESS,HIGH
access-finance-outage,"Finance team access lost (web portal, email)",All finance users suddenly receive access denied for the reporting portal. Reported through email for the customer web portal.,ACCESS,HIGH
access-finance-outage,"Finance team access lost (mobile app, email)",All finance users suddenly receive access denied for the reporting portal. Reported through email for the mobile application.,ACCESS,HIGH
access-finance-outage,"Finance team access lost (partner integration, email)",All finance users suddenly receive access denied for the reporting portal. Reported through email for the partner integration.,ACCESS,HIGH
access-finance-outage,"Finance team access lost (operations console, email)",All finance users suddenly receive access denied for the reporting portal. Reported through email for the internal operations console.,ACCESS,HIGH
access-finance-outage,"Finance team access lost (service desk, email)",All finance users suddenly receive access denied for the reporting portal. Reported through email for the regional service desk.,ACCESS,HIGH
access-finance-outage,"Finance team access lost (web portal, phone)",All finance users suddenly receive access denied for the reporting portal. Reported through telephone for the customer web portal.,ACCESS,HIGH
access-finance-outage,"Finance team access lost (mobile app, phone)",All finance users suddenly receive access denied for the reporting portal. Reported through telephone for the mobile application.,ACCESS,HIGH
access-finance-outage,"Finance team access lost (partner integration, phone)",All finance users suddenly receive access denied for the reporting portal. Reported through telephone for the partner integration.,ACCESS,HIGH
access-finance-outage,"Finance team access lost (operations console, phone)",All finance users suddenly receive access denied for the reporting portal. Reported through telephone for the internal operations console.,ACCESS,HIGH
access-finance-outage,"Finance team access lost (service desk, phone)",All finance users suddenly receive access denied for the reporting portal. Reported through telephone for the regional service desk.,ACCESS,HIGH
access-finance-outage,"Finance team access lost (web portal, chat)",All finance users suddenly receive access denied for the reporting portal. Reported through live chat for the customer web portal.,ACCESS,HIGH
access-finance-outage,"Finance team access lost (mobile app, chat)",All finance users suddenly receive access denied for the reporting portal. Reported through live chat for the mobile application.,ACCESS,HIGH
access-finance-outage,"Finance team access lost (partner integration, chat)",All finance users suddenly receive access denied for the reporting portal. Reported through live chat for the partner integration.,ACCESS,HIGH
access-finance-outage,"Finance team access lost (operations console, chat)",All finance users suddenly receive access denied for the reporting portal. Reported through live chat for the internal operations console.,ACCESS,HIGH
access-finance-outage,"Finance team access lost (service desk, chat)",All finance users suddenly receive access denied for the reporting portal. Reported through live chat for the regional service desk.,ACCESS,HIGH
access-finance-outage,"Finance team access lost (web portal, monitoring)",All finance users suddenly receive access denied for the reporting portal. Reported through monitoring alert for the customer web portal.,ACCESS,HIGH
access-finance-outage,"Finance team access lost (mobile app, monitoring)",All finance users suddenly receive access denied for the reporting portal. Reported through monitoring alert for the mobile application.,ACCESS,HIGH
access-finance-outage,"Finance team access lost (partner integration, monitoring)",All finance users suddenly receive access denied for the reporting portal. Reported through monitoring alert for the partner integration.,ACCESS,HIGH
access-finance-outage,"Finance team access lost (operations console, monitoring)",All finance users suddenly receive access denied for the reporting portal. Reported through monitoring alert for the internal operations console.,ACCESS,HIGH
access-finance-outage,"Finance team access lost (service desk, monitoring)",All finance users suddenly receive access denied for the reporting portal. Reported through monitoring alert for the regional service desk.,ACCESS,HIGH
access-role-request,"Role request (web portal, portal)",Please add read only inventory permissions to my existing user account. Reported through support portal for the customer web portal.,ACCESS,LOW
access-role-request,"Role request (mobile app, portal)",Please add read only inventory permissions to my existing user account. Reported through support portal for the mobile application.,ACCESS,LOW
access-role-request,"Role request (partner integration, portal)",Please add read only inventory permissions to my existing user account. Reported through support portal for the partner integration.,ACCESS,LOW
access-role-request,"Role request (operations console, portal)",Please add read only inventory permissions to my existing user account. Reported through support portal for the internal operations console.,ACCESS,LOW
access-role-request,"Role request (service desk, portal)",Please add read only inventory permissions to my existing user account. Reported through support portal for the regional service desk.,ACCESS,LOW
access-role-request,"Role request (web portal, email)",Please add read only inventory permissions to my existing user account. Reported through email for the customer web portal.,ACCESS,LOW
access-role-request,"Role request (mobile app, email)",Please add read only inventory permissions to my existing user account. Reported through email for the mobile application.,ACCESS,LOW
access-role-request,"Role request (partner integration, email)",Please add read only inventory permissions to my existing user account. Reported through email for the partner integration.,ACCESS,LOW
access-role-request,"Role request (operations console, email)",Please add read only inventory permissions to my existing user account. Reported through email for the internal operations console.,ACCESS,LOW
access-role-request,"Role request (service desk, email)",Please add read only inventory permissions to my existing user account. Reported through email for the regional service desk.,ACCESS,LOW
access-role-request,"Role request (web portal, phone)",Please add read only inventory permissions to my existing user account. Reported through telephone for the customer web portal.,ACCESS,LOW
access-role-request,"Role request (mobile app, phone)",Please add read only inventory permissions to my existing user account. Reported through telephone for the mobile application.,ACCESS,LOW
access-role-request,"Role request (partner integration, phone)",Please add read only inventory permissions to my existing user account. Reported through telephone for the partner integration.,ACCESS,LOW
access-role-request,"Role request (operations console, phone)",Please add read only inventory permissions to my existing user account. Reported through telephone for the internal operations console.,ACCESS,LOW
access-role-request,"Role request (service desk, phone)",Please add read only inventory permissions to my existing user account. Reported through telephone for the regional service desk.,ACCESS,LOW
access-role-request,"Role request (web portal, chat)",Please add read only inventory permissions to my existing user account. Reported through live chat for the customer web portal.,ACCESS,LOW
access-role-request,"Role request (mobile app, chat)",Please add read only inventory permissions to my existing user account. Reported through live chat for the mobile application.,ACCESS,LOW
access-role-request,"Role request (partner integration, chat)",Please add read only inventory permissions to my existing user account. Reported through live chat for the partner integration.,ACCESS,LOW
access-role-request,"Role request (operations console, chat)",Please add read only inventory permissions to my existing user account. Reported through live chat for the internal operations console.,ACCESS,LOW
access-role-request,"Role request (service desk, chat)",Please add read only inventory permissions to my existing user account. Reported through live chat for the regional service desk.,ACCESS,LOW
access-role-request,"Role request (web portal, monitoring)",Please add read only inventory permissions to my existing user account. Reported through monitoring alert for the customer web portal.,ACCESS,LOW
access-role-request,"Role request (mobile app, monitoring)",Please add read only inventory permissions to my existing user account. Reported through monitoring alert for the mobile application.,ACCESS,LOW
access-role-request,"Role request (partner integration, monitoring)",Please add read only inventory permissions to my existing user account. Reported through monitoring alert for the partner integration.,ACCESS,LOW
access-role-request,"Role request (operations console, monitoring)",Please add read only inventory permissions to my existing user account. Reported through monitoring alert for the internal operations console.,ACCESS,LOW
access-role-request,"Role request (service desk, monitoring)",Please add read only inventory permissions to my existing user account. Reported through monitoring alert for the regional service desk.,ACCESS,LOW
access-sso-loop,"SSO login loop (web portal, portal)",Single sign on loops between the identity provider and the dashboard. Reported through support portal for the customer web portal.,ACCESS,MEDIUM
access-sso-loop,"SSO login loop (mobile app, portal)",Single sign on loops between the identity provider and the dashboard. Reported through support portal for the mobile application.,ACCESS,MEDIUM
access-sso-loop,"SSO login loop (partner integration, portal)",Single sign on loops between the identity provider and the dashboard. Reported through support portal for the partner integration.,ACCESS,MEDIUM
access-sso-loop,"SSO login loop (operations console, portal)",Single sign on loops between the identity provider and the dashboard. Reported through support portal for the internal operations console.,ACCESS,MEDIUM
access-sso-loop,"SSO login loop (service desk, portal)",Single sign on loops between the identity provider and the dashboard. Reported through support portal for the regional service desk.,ACCESS,MEDIUM
access-sso-loop,"SSO login loop (web portal, email)",Single sign on loops between the identity provider and the dashboard. Reported through email for the customer web portal.,ACCESS,MEDIUM
access-sso-loop,"SSO login loop (mobile app, email)",Single sign on loops between the identity provider and the dashboard. Reported through email for the mobile application.,ACCESS,MEDIUM
access-sso-loop,"SSO login loop (partner integration, email)",Single sign on loops between the identity provider and the dashboard. Reported through email for the partner integration.,ACCESS,MEDIUM
access-sso-loop,"SSO login loop (operations console, email)",Single sign on loops between the identity provider and the dashboard. Reported through email for the internal operations console.,ACCESS,MEDIUM
access-sso-loop,"SSO login loop (service desk, email)",Single sign on loops between the identity provider and the dashboard. Reported through email for the regional service desk.,ACCESS,MEDIUM
access-sso-loop,"SSO login loop (web portal, phone)",Single sign on loops between the identity provider and the dashboard. Reported through telephone for the customer web portal.,ACCESS,MEDIUM
access-sso-loop,"SSO login loop (mobile app, phone)",Single sign on loops between the identity provider and the dashboard. Reported through telephone for the mobile application.,ACCESS,MEDIUM
access-sso-loop,"SSO login loop (partner integration, phone)",Single sign on loops between the identity provider and the dashboard. Reported through telephone for the partner integration.,ACCESS,MEDIUM
access-sso-loop,"SSO login loop (operations console, phone)",Single sign on loops between the identity provider and the dashboard. Reported through telephone for the internal operations console.,ACCESS,MEDIUM
access-sso-loop,"SSO login loop (service desk, phone)",Single sign on loops between the identity provider and the dashboard. Reported through telephone for the regional service desk.,ACCESS,MEDIUM
access-sso-loop,"SSO login loop (web portal, chat)",Single sign on loops between the identity provider and the dashboard. Reported through live chat for the customer web portal.,ACCESS,MEDIUM
access-sso-loop,"SSO login loop (mobile app, chat)",Single sign on loops between the identity provider and the dashboard. Reported through live chat for the mobile application.,ACCESS,MEDIUM
access-sso-loop,"SSO login loop (partner integration, chat)",Single sign on loops between the identity provider and the dashboard. Reported through live chat for the partner integration.,ACCESS,MEDIUM
access-sso-loop,"SSO login loop (operations console, chat)",Single sign on loops between the identity provider and the dashboard. Reported through live chat for the internal operations console.,ACCESS,MEDIUM
access-sso-loop,"SSO login loop (service desk, chat)",Single sign on loops between the identity provider and the dashboard. Reported through live chat for the regional service desk.,ACCESS,MEDIUM
access-sso-loop,"SSO login loop (web portal, monitoring)",Single sign on loops between the identity provider and the dashboard. Reported through monitoring alert for the customer web portal.,ACCESS,MEDIUM
access-sso-loop,"SSO login loop (mobile app, monitoring)",Single sign on loops between the identity provider and the dashboard. Reported through monitoring alert for the mobile application.,ACCESS,MEDIUM
access-sso-loop,"SSO login loop (partner integration, monitoring)",Single sign on loops between the identity provider and the dashboard. Reported through monitoring alert for the partner integration.,ACCESS,MEDIUM
access-sso-loop,"SSO login loop (operations console, monitoring)",Single sign on loops between the identity provider and the dashboard. Reported through monitoring alert for the internal operations console.,ACCESS,MEDIUM
access-sso-loop,"SSO login loop (service desk, monitoring)",Single sign on loops between the identity provider and the dashboard. Reported through monitoring alert for the regional service desk.,ACCESS,MEDIUM
access-privileged-expiry,"Privileged account expired (web portal, portal)",Emergency privileged credentials expired during an active incident. Reported through support portal for the customer web portal.,ACCESS,HIGH
access-privileged-expiry,"Privileged account expired (mobile app, portal)",Emergency privileged credentials expired during an active incident. Reported through support portal for the mobile application.,ACCESS,HIGH
access-privileged-expiry,"Privileged account expired (partner integration, portal)",Emergency privileged credentials expired during an active incident. Reported through support portal for the partner integration.,ACCESS,HIGH
access-privileged-expiry,"Privileged account expired (operations console, portal)",Emergency privileged credentials expired during an active incident. Reported through support portal for the internal operations console.,ACCESS,HIGH
access-privileged-expiry,"Privileged account expired (service desk, portal)",Emergency privileged credentials expired during an active incident. Reported through support portal for the regional service desk.,ACCESS,HIGH
access-privileged-expiry,"Privileged account expired (web portal, email)",Emergency privileged credentials expired during an active incident. Reported through email for the customer web portal.,ACCESS,HIGH
access-privileged-expiry,"Privileged account expired (mobile app, email)",Emergency privileged credentials expired during an active incident. Reported through email for the mobile application.,ACCESS,HIGH
access-privileged-expiry,"Privileged account expired (partner integration, email)",Emergency privileged credentials expired during an active incident. Reported through email for the partner integration.,ACCESS,HIGH
access-privileged-expiry,"Privileged account expired (operations console, email)",Emergency privileged credentials expired during an active incident. Reported through email for the internal operations console.,ACCESS,HIGH
access-privileged-expiry,"Privileged account expired (service desk, email)",Emergency privileged credentials expired during an active incident. Reported through email for the regional service desk.,ACCESS,HIGH
access-privileged-expiry,"Privileged account expired (web portal, phone)",Emergency privileged credentials expired during an active incident. Reported through telephone for the customer web portal.,ACCESS,HIGH
access-privileged-expiry,"Privileged account expired (mobile app, phone)",Emergency privileged credentials expired during an active incident. Reported through telephone for the mobile application.,ACCESS,HIGH
access-privileged-expiry,"Privileged account expired (partner integration, phone)",Emergency privileged credentials expired during an active incident. Reported through telephone for the partner integration.,ACCESS,HIGH
access-privileged-expiry,"Privileged account expired (operations console, phone)",Emergency privileged credentials expired during an active incident. Reported through telephone for the internal operations console.,ACCESS,HIGH
access-privileged-expiry,"Privileged account expired (service desk, phone)",Emergency privileged credentials expired during an active incident. Reported through telephone for the regional service desk.,ACCESS,HIGH
access-privileged-expiry,"Privileged account expired (web portal, chat)",Emergency privileged credentials expired during an active incident. Reported through live chat for the customer web portal.,ACCESS,HIGH
access-privileged-expiry,"Privileged account expired (mobile app, chat)",Emergency privileged credentials expired during an active incident. Reported through live chat for the mobile application.,ACCESS,HIGH
access-privileged-expiry,"Privileged account expired (partner integration, chat)",Emergency privileged credentials expired during an active incident. Reported through live chat for the partner integration.,ACCESS,HIGH
access-privileged-expiry,"Privileged account expired (operations console, chat)",Emergency privileged credentials expired during an active incident. Reported through live chat for the internal operations console.,ACCESS,HIGH
access-privileged-expiry,"Privileged account expired (service desk, chat)",Emergency privileged credentials expired during an active incident. Reported through live chat for the regional service desk.,ACCESS,HIGH
access-privileged-expiry,"Privileged account expired (web portal, monitoring)",Emergency privileged credentials expired during an active incident. Reported through monitoring alert for the customer web portal.,ACCESS,HIGH
access-privileged-expiry,"Privileged account expired (mobile app, monitoring)",Emergency privileged credentials expired during an active incident. Reported through monitoring alert for the mobile application.,ACCESS,HIGH
access-privileged-expiry,"Privileged account expired (partner integration, monitoring)",Emergency privileged credentials expired during an active incident. Reported through monitoring alert for the partner integration.,ACCESS,HIGH
access-privileged-expiry,"Privileged account expired (operations console, monitoring)",Emergency privileged credentials expired during an active incident. Reported through monitoring alert for the internal operations console.,ACCESS,HIGH
access-privileged-expiry,"Privileged account expired (service desk, monitoring)",Emergency privileged credentials expired during an active incident. Reported through monitoring alert for the regional service desk.,ACCESS,HIGH
access-shared-mailbox,"Shared mailbox permission (web portal, portal)",I need access to the shared customer support mailbox for my new role. Reported through support portal for the customer web portal.,ACCESS,LOW
access-shared-mailbox,"Shared mailbox permission (mobile app, portal)",I need access to the shared customer support mailbox for my new role. Reported through support portal for the mobile application.,ACCESS,LOW
access-shared-mailbox,"Shared mailbox permission (partner integration, portal)",I need access to the shared customer support mailbox for my new role. Reported through support portal for the partner integration.,ACCESS,LOW
access-shared-mailbox,"Shared mailbox permission (operations console, portal)",I need access to the shared customer support mailbox for my new role. Reported through support portal for the internal operations console.,ACCESS,LOW
access-shared-mailbox,"Shared mailbox permission (service desk, portal)",I need access to the shared customer support mailbox for my new role. Reported through support portal for the regional service desk.,ACCESS,LOW
access-shared-mailbox,"Shared mailbox permission (web portal, email)",I need access to the shared customer support mailbox for my new role. Reported through email for the customer web portal.,ACCESS,LOW
access-shared-mailbox,"Shared mailbox permission (mobile app, email)",I need access to the shared customer support mailbox for my new role. Reported through email for the mobile application.,ACCESS,LOW
access-shared-mailbox,"Shared mailbox permission (partner integration, email)",I need access to the shared customer support mailbox for my new role. Reported through email for the partner integration.,ACCESS,LOW
access-shared-mailbox,"Shared mailbox permission (operations console, email)",I need access to the shared customer support mailbox for my new role. Reported through email for the internal operations console.,ACCESS,LOW
access-shared-mailbox,"Shared mailbox permission (service desk, email)",I need access to the shared customer support mailbox for my new role. Reported through email for the regional service desk.,ACCESS,LOW
access-shared-mailbox,"Shared mailbox permission (web portal, phone)",I need access to the shared customer support mailbox for my new role. Reported through telephone for the customer web portal.,ACCESS,LOW
access-shared-mailbox,"Shared mailbox permission (mobile app, phone)",I need access to the shared customer support mailbox for my new role. Reported through telephone for the mobile application.,ACCESS,LOW
access-shared-mailbox,"Shared mailbox permission (partner integration, phone)",I need access to the shared customer support mailbox for my new role. Reported through telephone for the partner integration.,ACCESS,LOW
access-shared-mailbox,"Shared mailbox permission (operations console, phone)",I need access to the shared customer support mailbox for my new role. Reported through telephone for the internal operations console.,ACCESS,LOW
access-shared-mailbox,"Shared mailbox permission (service desk, phone)",I need access to the shared customer support mailbox for my new role. Reported through telephone for the regional service desk.,ACCESS,LOW
access-shared-mailbox,"Shared mailbox permission (web portal, chat)",I need access to the shared customer support mailbox for my new role. Reported through live chat for the customer web portal.,ACCESS,LOW
access-shared-mailbox,"Shared mailbox permission (mobile app, chat)",I need access to the shared customer support mailbox for my new role. Reported through live chat for the mobile application.,ACCESS,LOW
access-shared-mailbox,"Shared mailbox permission (partner integration, chat)",I need access to the shared customer support mailbox for my new role. Reported through live chat for the partner integration.,ACCESS,LOW
access-shared-mailbox,"Shared mailbox permission (operations console, chat)",I need access to the shared customer support mailbox for my new role. Reported through live chat for the internal operations console.,ACCESS,LOW
access-shared-mailbox,"Shared mailbox permission (service desk, chat)",I need access to the shared customer support mailbox for my new role. Reported through live chat for the regional service desk.,ACCESS,LOW
access-shared-mailbox,"Shared mailbox permission (web portal, monitoring)",I need access to the shared customer support mailbox for my new role. Reported through monitoring alert for the customer web portal.,ACCESS,LOW
access-shared-mailbox,"Shared mailbox permission (mobile app, monitoring)",I need access to the shared customer support mailbox for my new role. Reported through monitoring alert for the mobile application.,ACCESS,LOW
access-shared-mailbox,"Shared mailbox permission (partner integration, monitoring)",I need access to the shared customer support mailbox for my new role. Reported through monitoring alert for the partner integration.,ACCESS,LOW
access-shared-mailbox,"Shared mailbox permission (operations console, monitoring)",I need access to the shared customer support mailbox for my new role. Reported through monitoring alert for the internal operations console.,ACCESS,LOW
access-shared-mailbox,"Shared mailbox permission (service desk, monitoring)",I need access to the shared customer support mailbox for my new role. Reported through monitoring alert for the regional service desk.,ACCESS,LOW
billing-invoice-total,"Invoice total is wrong (web portal, portal)",The latest invoice includes a duplicate monthly subscription charge. Reported through support portal for the customer web portal.,BILLING,MEDIUM
billing-invoice-total,"Invoice total is wrong (mobile app, portal)",The latest invoice includes a duplicate monthly subscription charge. Reported through support portal for the mobile application.,BILLING,MEDIUM
billing-invoice-total,"Invoice total is wrong (partner integration, portal)",The latest invoice includes a duplicate monthly subscription charge. Reported through support portal for the partner integration.,BILLING,MEDIUM
billing-invoice-total,"Invoice total is wrong (operations console, portal)",The latest invoice includes a duplicate monthly subscription charge. Reported through support portal for the internal operations console.,BILLING,MEDIUM
billing-invoice-total,"Invoice total is wrong (service desk, portal)",The latest invoice includes a duplicate monthly subscription charge. Reported through support portal for the regional service desk.,BILLING,MEDIUM
billing-invoice-total,"Invoice total is wrong (web portal, email)",The latest invoice includes a duplicate monthly subscription charge. Reported through email for the customer web portal.,BILLING,MEDIUM
billing-invoice-total,"Invoice total is wrong (mobile app, email)",The latest invoice includes a duplicate monthly subscription charge. Reported through email for the mobile application.,BILLING,MEDIUM
billing-invoice-total,"Invoice total is wrong (partner integration, email)",The latest invoice includes a duplicate monthly subscription charge. Reported through email for the partner integration.,BILLING,MEDIUM
billing-invoice-total,"Invoice total is wrong (operations console, email)",The latest invoice includes a duplicate monthly subscription charge. Reported through email for the internal operations console.,BILLING,MEDIUM
billing-invoice-total,"Invoice total is wrong (service desk, email)",The latest invoice includes a duplicate monthly subscription charge. Reported through email for the regional service desk.,BILLING,MEDIUM
billing-invoice-total,"Invoice total is wrong (web portal, phone)",The latest invoice includes a duplicate monthly subscription charge. Reported through telephone for the customer web portal.,BILLING,MEDIUM
billing-invoice-total,"Invoice total is wrong (mobile app, phone)",The latest invoice includes a duplicate monthly subscription charge. Reported through telephone for the mobile application.,BILLING,MEDIUM
billing-invoice-total,"Invoice total is wrong (partner integration, phone)",The latest invoice includes a duplicate monthly subscription charge. Reported through telephone for the partner integration.,BILLING,MEDIUM
billing-invoice-total,"Invoice total is wrong (operations console, phone)",The latest invoice includes a duplicate monthly subscription charge. Reported through telephone for the internal operations console.,BILLING,MEDIUM
billing-invoice-total,"Invoice total is wrong (service desk, phone)",The latest invoice includes a duplicate monthly subscription charge. Reported through telephone for the regional service desk.,BILLING,MEDIUM
billing-invoice-total,"Invoice total is wrong (web portal, chat)",The latest invoice includes a duplicate monthly subscription charge. Reported through live chat for the customer web portal.,BILLING,MEDIUM
billing-invoice-total,"Invoice total is wrong (mobile app, chat)",The latest invoice includes a duplicate monthly subscription charge. Reported through live chat for the mobile application.,BILLING,MEDIUM
billing-invoice-total,"Invoice total is wrong (partner integration, chat)",The latest invoice includes a duplicate monthly subscription charge. Reported through live chat for the partner integration.,BILLING,MEDIUM
billing-invoice-total,"Invoice total is wrong (operations console, chat)",The latest invoice includes a duplicate monthly subscription charge. Reported through live chat for the internal operations console.,BILLING,MEDIUM
billing-invoice-total,"Invoice total is wrong (service desk, chat)",The latest invoice includes a duplicate monthly subscription charge. Reported through live chat for the regional service desk.,BILLING,MEDIUM
billing-invoice-total,"Invoice total is wrong (web portal, monitoring)",The latest invoice includes a duplicate monthly subscription charge. Reported through monitoring alert for the customer web portal.,BILLING,MEDIUM
billing-invoice-total,"Invoice total is wrong (mobile app, monitoring)",The latest invoice includes a duplicate monthly subscription charge. Reported through monitoring alert for the mobile application.,BILLING,MEDIUM
billing-invoice-total,"Invoice total is wrong (partner integration, monitoring)",The latest invoice includes a duplicate monthly subscription charge. Reported through monitoring alert for the partner integration.,BILLING,MEDIUM
billing-invoice-total,"Invoice total is wrong (operations console, monitoring)",The latest invoice includes a duplicate monthly subscription charge. Reported through monitoring alert for the internal operations console.,BILLING,MEDIUM
billing-invoice-total,"Invoice total is wrong (service desk, monitoring)",The latest invoice includes a duplicate monthly subscription charge. Reported through monitoring alert for the regional service desk.,BILLING,MEDIUM
billing-refund-delay,"Refund has not arrived (web portal, portal)",The approved refund is missing from our bank account after ten business days. Reported through support portal for the customer web portal.,BILLING,MEDIUM
billing-refund-delay,"Refund has not arrived (mobile app, portal)",The approved refund is missing from our bank account after ten business days. Reported through support portal for the mobile application.,BILLING,MEDIUM
billing-refund-delay,"Refund has not arrived (partner integration, portal)",The approved refund is missing from our bank account after ten business days. Reported through support portal for the partner integration.,BILLING,MEDIUM
billing-refund-delay,"Refund has not arrived (operations console, portal)",The approved refund is missing from our bank account after ten business days. Reported through support portal for the internal operations console.,BILLING,MEDIUM
billing-refund-delay,"Refund has not arrived (service desk, portal)",The approved refund is missing from our bank account after ten business days. Reported through support portal for the regional service desk.,BILLING,MEDIUM
billing-refund-delay,"Refund has not arrived (web portal, email)",The approved refund is missing from our bank account after ten business days. Reported through email for the customer web portal.,BILLING,MEDIUM
billing-refund-delay,"Refund has not arrived (mobile app, email)",The approved refund is missing from our bank account after ten business days. Reported through email for the mobile application.,BILLING,MEDIUM
billing-refund-delay,"Refund has not arrived (partner integration, email)",The approved refund is missing from our bank account after ten business days. Reported through email for the partner integration.,BILLING,MEDIUM
billing-refund-delay,"Refund has not arrived (operations console, email)",The approved refund is missing from our bank account after ten business days. Reported through email for the internal operations console.,BILLING,MEDIUM
billing-refund-delay,"Refund has not arrived (service desk, email)",The approved refund is missing from our bank account after ten business days. Reported through email for the regional service desk.,BILLING,MEDIUM
billing-refund-delay,"Refund has not arrived (web portal, phone)",The approved refund is missing from our bank account after ten business days. Reported through telephone for the customer web portal.,BILLING,MEDIUM
billing-refund-delay,"Refund has not arrived (mobile app, phone)",The approved refund is missing from our bank account after ten business days. Reported through telephone for the mobile application.,BILLING,MEDIUM
billing-refund-delay,"Refund has not arrived (partner integration, phone)",The approved refund is missing from our bank account after ten business days. Reported through telephone for the partner integration.,BILLING,MEDIUM
billing-refund-delay,"Refund has not arrived (operations console, phone)",The approved refund is missing from our bank account after ten business days. Reported through telephone for the internal operations console.,BILLING,MEDIUM
billing-refund-delay,"Refund has not arrived (service desk, phone)",The approved refund is missing from our bank account after ten business days. Reported through telephone for the regional service desk.,BILLING,MEDIUM
billing-refund-delay,"Refund has not arrived (web portal, chat)",The approved refund is missing from our bank account after ten business days. Reported through live chat for the customer web portal.,BILLING,MEDIUM
billing-refund-delay,"Refund has not arrived (mobile app, chat)",The approved refund is missing from our bank account after ten business days. Reported through live chat for the mobile application.,BILLING,MEDIUM
billing-refund-delay,"Refund has not arrived (partner integration, chat)",The approved refund is missing from our bank account after ten business days. Reported through live chat for the partner integration.,BILLING,MEDIUM
billing-refund-delay,"Refund has not arrived (operations console, chat)",The approved refund is missing from our bank account after ten business days. Reported through live chat for the internal operations console.,BILLING,MEDIUM
billing-refund-delay,"Refund has not arrived (service desk, chat)",The approved refund is missing from our bank account after ten business days. Reported through live chat for the regional service desk.,BILLING,MEDIUM
billing-refund-delay,"Refund has not arrived (web portal, monitoring)",The approved refund is missing from our bank account after ten business days. Reported through monitoring alert for the customer web portal.,BILLING,MEDIUM
billing-refund-delay,"Refund has not arrived (mobile app, monitoring)",The approved refund is missing from our bank account after ten business days. Reported through monitoring alert for the mobile application.,BILLING,MEDIUM
billing-refund-delay,"Refund has not arrived (partner integration, monitoring)",The approved refund is missing from our bank account after ten business days. Reported through monitoring alert for the partner integration.,BILLING,MEDIUM
billing-refund-delay,"Refund has not arrived (operations console, monitoring)",The approved refund is missing from our bank account after ten business days. Reported through monitoring alert for the internal operations console.,BILLING,MEDIUM
billing-refund-delay,"Refund has not arrived (service desk, monitoring)",The approved refund is missing from our bank account after ten business days. Reported through monitoring alert for the regional service desk.,BILLING,MEDIUM
billing-payment-outage,"Payment service unavailable (web portal, portal)",Every customer card payment is failing during checkout right now. Reported through support portal for the customer web portal.,BILLING,HIGH
billing-payment-outage,"Payment service unavailable (mobile app, portal)",Every customer card payment is failing during checkout right now. Reported through support portal for the mobile application.,BILLING,HIGH
billing-payment-outage,"Payment service unavailable (partner integration, portal)",Every customer card payment is failing during checkout right now. Reported through support portal for the partner integration.,BILLING,HIGH
billing-payment-outage,"Payment service unavailable (operations console, portal)",Every customer card payment is failing during checkout right now. Reported through support portal for the internal operations console.,BILLING,HIGH
billing-payment-outage,"Payment service unavailable (service desk, portal)",Every customer card payment is failing during checkout right now. Reported through support portal for the regional service desk.,BILLING,HIGH
billing-payment-outage,"Payment service unavailable (web portal, email)",Every customer card payment is failing during checkout right now. Reported through email for the customer web portal.,BILLING,HIGH
billing-payment-outage,"Payment service unavailable (mobile app, email)",Every customer card payment is failing during checkout right now. Reported through email for the mobile application.,BILLING,HIGH
billing-payment-outage,"Payment service unavailable (partner integration, email)",Every customer card payment is failing during checkout right now. Reported through email for the partner integration.,BILLING,HIGH
billing-payment-outage,"Payment service unavailable (operations console, email)",Every customer card payment is failing during checkout right now. Reported through email for the internal operations console.,BILLING,HIGH
billing-payment-outage,"Payment service unavailable (service desk, email)",Every customer card payment is failing during checkout right now. Reported through email for the regional service desk.,BILLING,HIGH
billing-payment-outage,"Payment service unavailable (web portal, phone)",Every customer card payment is failing during checkout right now. Reported through telephone for the customer web portal.,BILLING,HIGH
billing-payment-outage,"Payment service unavailable (mobile app, phone)",Every customer card payment is failing during checkout right now. Reported through telephone for the mobile application.,BILLING,HIGH
billing-payment-outage,"Payment service unavailable (partner integration, phone)",Every customer card payment is failing during checkout right now. Reported through telephone for the partner integration.,BILLING,HIGH
billing-payment-outage,"Payment service unavailable (operations console, phone)",Every customer card payment is failing during checkout right now. Reported through telephone for the internal operations console.,BILLING,HIGH
billing-payment-outage,"Payment service unavailable (service desk, phone)",Every customer card payment is failing during checkout right now. Reported through telephone for the regional service desk.,BILLING,HIGH
billing-payment-outage,"Payment service unavailable (web portal, chat)",Every customer card payment is failing during checkout right now. Reported through live chat for the customer web portal.,BILLING,HIGH
billing-payment-outage,"Payment service unavailable (mobile app, chat)",Every customer card payment is failing during checkout right now. Reported through live chat for the mobile application.,BILLING,HIGH
billing-payment-outage,"Payment service unavailable (partner integration, chat)",Every customer card payment is failing during checkout right now. Reported through live chat for the partner integration.,BILLING,HIGH
billing-payment-outage,"Payment service unavailable (operations console, chat)",Every customer card payment is failing during checkout right now. Reported through live chat for the internal operations console.,BILLING,HIGH
billing-payment-outage,"Payment service unavailable (service desk, chat)",Every customer card payment is failing during checkout right now. Reported through live chat for the regional service desk.,BILLING,HIGH
billing-payment-outage,"Payment service unavailable (web portal, monitoring)",Every customer card payment is failing during checkout right now. Reported through monitoring alert for the customer web portal.,BILLING,HIGH
billing-payment-outage,"Payment service unavailable (mobile app, monitoring)",Every customer card payment is failing during checkout right now. Reported through monitoring alert for the mobile application.,BILLING,HIGH
billing-payment-outage,"Payment service unavailable (partner integration, monitoring)",Every customer card payment is failing during checkout right now. Reported through monitoring alert for the partner integration.,BILLING,HIGH
billing-payment-outage,"Payment service unavailable (operations console, monitoring)",Every customer card payment is failing during checkout right now. Reported through monitoring alert for the internal operations console.,BILLING,HIGH
billing-payment-outage,"Payment service unavailable (service desk, monitoring)",Every customer card payment is failing during checkout right now. Reported through monitoring alert for the regional service desk.,BILLING,HIGH
billing-address-change,"Update billing address (web portal, portal)",Please change the company address printed on future invoices. Reported through support portal for the customer web portal.,BILLING,LOW
billing-address-change,"Update billing address (mobile app, portal)",Please change the company address printed on future invoices. Reported through support portal for the mobile application.,BILLING,LOW
billing-address-change,"Update billing address (partner integration, portal)",Please change the company address printed on future invoices. Reported through support portal for the partner integration.,BILLING,LOW
billing-address-change,"Update billing address (operations console, portal)",Please change the company address printed on future invoices. Reported through support portal for the internal operations console.,BILLING,LOW
billing-address-change,"Update billing address (service desk, portal)",Please change the company address printed on future invoices. Reported through support portal for the regional service desk.,BILLING,LOW
billing-address-change,"Update billing address (web portal, email)",Please change the company address printed on future invoices. Reported through email for the customer web portal.,BILLING,LOW
billing-address-change,"Update billing address (mobile app, email)",Please change the company address printed on future invoices. Reported through email for the mobile application.,BILLING,LOW
billing-address-change,"Update billing address (partner integration, email)",Please change the company address printed on future invoices. Reported through email for the partner integration.,BILLING,LOW
billing-address-change,"Update billing address (operations console, email)",Please change the company address printed on future invoices. Reported through email for the internal operations console.,BILLING,LOW
billing-address-change,"Update billing address (service desk, email)",Please change the company address printed on future invoices. Reported through email for the regional service desk.,BILLING,LOW
billing-address-change,"Update billing address (web portal, phone)",Please change the company address printed on future invoices. Reported through telephone for the customer web portal.,BILLING,LOW
billing-address-change,"Update billing address (mobile app, phone)",Please change the company address printed on future invoices. Reported through telephone for the mobile application.,BILLING,LOW
billing-address-change,"Update billing address (partner integration, phone)",Please change the company address printed on future invoices. Reported through telephone for the partner integration.,BILLING,LOW
billing-address-change,"Update billing address (operations console, phone)",Please change the company address printed on future invoices. Reported through telephone for the internal operations console.,BILLING,LOW
billing-address-change,"Update billing address (service desk, phone)",Please change the company address printed on future invoices. Reported through telephone for the regional service desk.,BILLING,LOW
billing-address-change,"Update billing address (web portal, chat)",Please change the company address printed on future invoices. Reported through live chat for the customer web portal.,BILLING,LOW
billing-address-change,"Update billing address (mobile app, chat)",Please change the company address printed on future invoices. Reported through live chat for the mobile application.,BILLING,LOW
billing-address-change,"Update billing address (partner integration, chat)",Please change the company address printed on future invoices. Reported through live chat for the partner integration.,BILLING,LOW
billing-address-change,"Update billing address (operations console, chat)",Please change the company address printed on future invoices. Reported through live chat for the internal operations console.,BILLING,LOW
billing-address-change,"Update billing address (service desk, chat)",Please change the company address printed on future invoices. Reported through live chat for the regional service desk.,BILLING,LOW
billing-address-change,"Update billing address (web portal, monitoring)",Please change the company address printed on future invoices. Reported through monitoring alert for the customer web portal.,BILLING,LOW
billing-address-change,"Update billing address (mobile app, monitoring)",Please change the company address printed on future invoices. Reported through monitoring alert for the mobile application.,BILLING,LOW
billing-address-change,"Update billing address (partner integration, monitoring)",Please change the company address printed on future invoices. Reported through monitoring alert for the partner integration.,BILLING,LOW
billing-address-change,"Update billing address (operations console, monitoring)",Please change the company address printed on future invoices. Reported through monitoring alert for the internal operations console.,BILLING,LOW
billing-address-change,"Update billing address (service desk, monitoring)",Please change the company address printed on future invoices. Reported through monitoring alert for the regional service desk.,BILLING,LOW
billing-renewal-charge,"Unexpected renewal charge (web portal, portal)",We cancelled before renewal but the annual fee was still collected. Reported through support portal for the customer web portal.,BILLING,HIGH
billing-renewal-charge,"Unexpected renewal charge (mobile app, portal)",We cancelled before renewal but the annual fee was still collected. Reported through support portal for the mobile application.,BILLING,HIGH
billing-renewal-charge,"Unexpected renewal charge (partner integration, portal)",We cancelled before renewal but the annual fee was still collected. Reported through support portal for the partner integration.,BILLING,HIGH
billing-renewal-charge,"Unexpected renewal charge (operations console, portal)",We cancelled before renewal but the annual fee was still collected. Reported through support portal for the internal operations console.,BILLING,HIGH
billing-renewal-charge,"Unexpected renewal charge (service desk, portal)",We cancelled before renewal but the annual fee was still collected. Reported through support portal for the regional service desk.,BILLING,HIGH
billing-renewal-charge,"Unexpected renewal charge (web portal, email)",We cancelled before renewal but the annual fee was still collected. Reported through email for the customer web portal.,BILLING,HIGH
billing-renewal-charge,"Unexpected renewal charge (mobile app, email)",We cancelled before renewal but the annual fee was still collected. Reported through email for the mobile application.,BILLING,HIGH
billing-renewal-charge,"Unexpected renewal charge (partner integration, email)",We cancelled before renewal but the annual fee was still collected. Reported through email for the partner integration.,BILLING,HIGH
billing-renewal-charge,"Unexpected renewal charge (operations console, email)",We cancelled before renewal but the annual fee was still collected. Reported through email for the internal operations console.,BILLING,HIGH
billing-renewal-charge,"Unexpected renewal charge (service desk, email)",We cancelled before renewal but the annual fee was still collected. Reported through email for the regional service desk.,BILLING,HIGH
billing-renewal-charge,"Unexpected renewal charge (web portal, phone)",We cancelled before renewal but the annual fee was still collected. Reported through telephone for the customer web portal.,BILLING,HIGH
billing-renewal-charge,"Unexpected renewal charge (mobile app, phone)",We cancelled before renewal but the annual fee was still collected. Reported through telephone for the mobile application.,BILLING,HIGH
billing-renewal-charge,"Unexpected renewal charge (partner integration, phone)",We cancelled before renewal but the annual fee was still collected. Reported through telephone for the partner integration.,BILLING,HIGH
billing-renewal-charge,"Unexpected renewal charge (operations console, phone)",We cancelled before renewal but the annual fee was still collected. Reported through telephone for the internal operations console.,BILLING,HIGH
billing-renewal-charge,"Unexpected renewal charge (service desk, phone)",We cancelled before renewal but the annual fee was still collected. Reported through telephone for the regional service desk.,BILLING,HIGH
billing-renewal-charge,"Unexpected renewal charge (web portal, chat)",We cancelled before renewal but the annual fee was still collected. Reported through live chat for the customer web portal.,BILLING,HIGH
billing-renewal-charge,"Unexpected renewal charge (mobile app, chat)",We cancelled before renewal but the annual fee was still collected. Reported through live chat for the mobile application.,BILLING,HIGH
billing-renewal-charge,"Unexpected renewal charge (partner integration, chat)",We cancelled before renewal but the annual fee was still collected. Reported through live chat for the partner integration.,BILLING,HIGH
billing-renewal-charge,"Unexpected renewal charge (operations console, chat)",We cancelled before renewal but the annual fee was still collected. Reported through live chat for the internal operations console.,BILLING,HIGH
billing-renewal-charge,"Unexpected renewal charge (service desk, chat)",We cancelled before renewal but the annual fee was still collected. Reported through live chat for the regional service desk.,BILLING,HIGH
billing-renewal-charge,"Unexpected renewal charge (web portal, monitoring)",We cancelled before renewal but the annual fee was still collected. Reported through monitoring alert for the customer web portal.,BILLING,HIGH
billing-renewal-charge,"Unexpected renewal charge (mobile app, monitoring)",We cancelled before renewal but the annual fee was still collected. Reported through monitoring alert for the mobile application.,BILLING,HIGH
billing-renewal-charge,"Unexpected renewal charge (partner integration, monitoring)",We cancelled before renewal but the annual fee was still collected. Reported through monitoring alert for the partner integration.,BILLING,HIGH
billing-renewal-charge,"Unexpected renewal charge (operations console, monitoring)",We cancelled before renewal but the annual fee was still collected. Reported through monitoring alert for the internal operations console.,BILLING,HIGH
billing-renewal-charge,"Unexpected renewal charge (service desk, monitoring)",We cancelled before renewal but the annual fee was still collected. Reported through monitoring alert for the regional service desk.,BILLING,HIGH
billing-invoice-copy,"Need invoice copy (web portal, portal)",Please send a PDF copy of the March invoice for our accounting records. Reported through support portal for the customer web portal.,BILLING,LOW
billing-invoice-copy,"Need invoice copy (mobile app, portal)",Please send a PDF copy of the March invoice for our accounting records. Reported through support portal for the mobile application.,BILLING,LOW
billing-invoice-copy,"Need invoice copy (partner integration, portal)",Please send a PDF copy of the March invoice for our accounting records. Reported through support portal for the partner integration.,BILLING,LOW
billing-invoice-copy,"Need invoice copy (operations console, portal)",Please send a PDF copy of the March invoice for our accounting records. Reported through support portal for the internal operations console.,BILLING,LOW
billing-invoice-copy,"Need invoice copy (service desk, portal)",Please send a PDF copy of the March invoice for our accounting records. Reported through support portal for the regional service desk.,BILLING,LOW
billing-invoice-copy,"Need invoice copy (web portal, email)",Please send a PDF copy of the March invoice for our accounting records. Reported through email for the customer web portal.,BILLING,LOW
billing-invoice-copy,"Need invoice copy (mobile app, email)",Please send a PDF copy of the March invoice for our accounting records. Reported through email for the mobile application.,BILLING,LOW
billing-invoice-copy,"Need invoice copy (partner integration, email)",Please send a PDF copy of the March invoice for our accounting records. Reported through email for the partner integration.,BILLING,LOW
billing-invoice-copy,"Need invoice copy (operations console, email)",Please send a PDF copy of the March invoice for our accounting records. Reported through email for the internal operations console.,BILLING,LOW
billing-invoice-copy,"Need invoice copy (service desk, email)",Please send a PDF copy of the March invoice for our accounting records. Reported through email for the regional service desk.,BILLING,LOW
billing-invoice-copy,"Need invoice copy (web portal, phone)",Please send a PDF copy of the March invoice for our accounting records. Reported through telephone for the customer web portal.,BILLING,LOW
billing-invoice-copy,"Need invoice copy (mobile app, phone)",Please send a PDF copy of the March invoice for our accounting records. Reported through telephone for the mobile application.,BILLING,LOW
billing-invoice-copy,"Need invoice copy (partner integration, phone)",Please send a PDF copy of the March invoice for our accounting records. Reported through telephone for the partner integration.,BILLING,LOW
billing-invoice-copy,"Need invoice copy (operations console, phone)",Please send a PDF copy of the March invoice for our accounting records. Reported through telephone for the internal operations console.,BILLING,LOW
billing-invoice-copy,"Need invoice copy (service desk, phone)",Please send a PDF copy of the March invoice for our accounting records. Reported through telephone for the regional service desk.,BILLING,LOW
billing-invoice-copy,"Need invoice copy (web portal, chat)",Please send a PDF copy of the March invoice for our accounting records. Reported through live chat for the customer web portal.,BILLING,LOW
billing-invoice-copy,"Need invoice copy (mobile app, chat)",Please send a PDF copy of the March invoice for our accounting records. Reported through live chat for the mobile application.,BILLING,LOW
billing-invoice-copy,"Need invoice copy (partner integration, chat)",Please send a PDF copy of the March invoice for our accounting records. Reported through live chat for the partner integration.,BILLING,LOW
billing-invoice-copy,"Need invoice copy (operations console, chat)",Please send a PDF copy of the March invoice for our accounting records. Reported through live chat for the internal operations console.,BILLING,LOW
billing-invoice-copy,"Need invoice copy (service desk, chat)",Please send a PDF copy of the March invoice for our accounting records. Reported through live chat for the regional service desk.,BILLING,LOW
billing-invoice-copy,"Need invoice copy (web portal, monitoring)",Please send a PDF copy of the March invoice for our accounting records. Reported through monitoring alert for the customer web portal.,BILLING,LOW
billing-invoice-copy,"Need invoice copy (mobile app, monitoring)",Please send a PDF copy of the March invoice for our accounting records. Reported through monitoring alert for the mobile application.,BILLING,LOW
billing-invoice-copy,"Need invoice copy (partner integration, monitoring)",Please send a PDF copy of the March invoice for our accounting records. Reported through monitoring alert for the partner integration.,BILLING,LOW
billing-invoice-copy,"Need invoice copy (operations console, monitoring)",Please send a PDF copy of the March invoice for our accounting records. Reported through monitoring alert for the internal operations console.,BILLING,LOW
billing-invoice-copy,"Need invoice copy (service desk, monitoring)",Please send a PDF copy of the March invoice for our accounting records. Reported through monitoring alert for the regional service desk.,BILLING,LOW
billing-tax-error,"Tax value incorrect (web portal, portal)",The invoice applies sales tax although our exemption certificate is active. Reported through support portal for the customer web portal.,BILLING,MEDIUM
billing-tax-error,"Tax value incorrect (mobile app, portal)",The invoice applies sales tax although our exemption certificate is active. Reported through support portal for the mobile application.,BILLING,MEDIUM
billing-tax-error,"Tax value incorrect (partner integration, portal)",The invoice applies sales tax although our exemption certificate is active. Reported through support portal for the partner integration.,BILLING,MEDIUM
billing-tax-error,"Tax value incorrect (operations console, portal)",The invoice applies sales tax although our exemption certificate is active. Reported through support portal for the internal operations console.,BILLING,MEDIUM
billing-tax-error,"Tax value incorrect (service desk, portal)",The invoice applies sales tax although our exemption certificate is active. Reported through support portal for the regional service desk.,BILLING,MEDIUM
billing-tax-error,"Tax value incorrect (web portal, email)",The invoice applies sales tax although our exemption certificate is active. Reported through email for the customer web portal.,BILLING,MEDIUM
billing-tax-error,"Tax value incorrect (mobile app, email)",The invoice applies sales tax although our exemption certificate is active. Reported through email for the mobile application.,BILLING,MEDIUM
billing-tax-error,"Tax value incorrect (partner integration, email)",The invoice applies sales tax although our exemption certificate is active. Reported through email for the partner integration.,BILLING,MEDIUM
billing-tax-error,"Tax value incorrect (operations console, email)",The invoice applies sales tax although our exemption certificate is active. Reported through email for the internal operations console.,BILLING,MEDIUM
billing-tax-error,"Tax value incorrect (service desk, email)",The invoice applies sales tax although our exemption certificate is active. Reported through email for the regional service desk.,BILLING,MEDIUM
billing-tax-error,"Tax value incorrect (web portal, phone)",The invoice applies sales tax although our exemption certificate is active. Reported through telephone for the customer web portal.,BILLING,MEDIUM
billing-tax-error,"Tax value incorrect (mobile app, phone)",The invoice applies sales tax although our exemption certificate is active. Reported through telephone for the mobile application.,BILLING,MEDIUM
billing-tax-error,"Tax value incorrect (partner integration, phone)",The invoice applies sales tax although our exemption certificate is active. Reported through telephone for the partner integration.,BILLING,MEDIUM
billing-tax-error,"Tax value incorrect (operations console, phone)",The invoice applies sales tax although our exemption certificate is active. Reported through telephone for the internal operations console.,BILLING,MEDIUM
billing-tax-error,"Tax value incorrect (service desk, phone)",The invoice applies sales tax although our exemption certificate is active. Reported through telephone for the regional service desk.,BILLING,MEDIUM
billing-tax-error,"Tax value incorrect (web portal, chat)",The invoice applies sales tax although our exemption certificate is active. Reported through live chat for the customer web portal.,BILLING,MEDIUM
billing-tax-error,"Tax value incorrect (mobile app, chat)",The invoice applies sales tax although our exemption certificate is active. Reported through live chat for the mobile application.,BILLING,MEDIUM
billing-tax-error,"Tax value incorrect (partner integration, chat)",The invoice applies sales tax although our exemption certificate is active. Reported through live chat for the partner integration.,BILLING,MEDIUM
billing-tax-error,"Tax value incorrect (operations console, chat)",The invoice applies sales tax although our exemption certificate is active. Reported through live chat for the internal operations console.,BILLING,MEDIUM
billing-tax-error,"Tax value incorrect (service desk, chat)",The invoice applies sales tax although our exemption certificate is active. Reported through live chat for the regional service desk.,BILLING,MEDIUM
billing-tax-error,"Tax value incorrect (web portal, monitoring)",The invoice applies sales tax although our exemption certificate is active. Reported through monitoring alert for the customer web portal.,BILLING,MEDIUM
billing-tax-error,"Tax value incorrect (mobile app, monitoring)",The invoice applies sales tax although our exemption certificate is active. Reported through monitoring alert for the mobile application.,BILLING,MEDIUM
billing-tax-error,"Tax value incorrect (partner integration, monitoring)",The invoice applies sales tax although our exemption certificate is active. Reported through monitoring alert for the partner integration.,BILLING,MEDIUM
billing-tax-error,"Tax value incorrect (operations console, monitoring)",The invoice applies sales tax although our exemption certificate is active. Reported through monitoring alert for the internal operations console.,BILLING,MEDIUM
billing-tax-error,"Tax value incorrect (service desk, monitoring)",The invoice applies sales tax although our exemption certificate is active. Reported through monitoring alert for the regional service desk.,BILLING,MEDIUM
billing-downgrade-credit,"Subscription downgrade credit (web portal, portal)",Confirm the credit amount after reducing our licensed user count. Reported through support portal for the customer web portal.,BILLING,LOW
billing-downgrade-credit,"Subscription downgrade credit (mobile app, portal)",Confirm the credit amount after reducing our licensed user count. Reported through support portal for the mobile application.,BILLING,LOW
billing-downgrade-credit,"Subscription downgrade credit (partner integration, portal)",Confirm the credit amount after reducing our licensed user count. Reported through support portal for the partner integration.,BILLING,LOW
billing-downgrade-credit,"Subscription downgrade credit (operations console, portal)",Confirm the credit amount after reducing our licensed user count. Reported through support portal for the internal operations console.,BILLING,LOW
billing-downgrade-credit,"Subscription downgrade credit (service desk, portal)",Confirm the credit amount after reducing our licensed user count. Reported through support portal for the regional service desk.,BILLING,LOW
billing-downgrade-credit,"Subscription downgrade credit (web portal, email)",Confirm the credit amount after reducing our licensed user count. Reported through email for the customer web portal.,BILLING,LOW
billing-downgrade-credit,"Subscription downgrade credit (mobile app, email)",Confirm the credit amount after reducing our licensed user count. Reported through email for the mobile application.,BILLING,LOW
billing-downgrade-credit,"Subscription downgrade credit (partner integration, email)",Confirm the credit amount after reducing our licensed user count. Reported through email for the partner integration.,BILLING,LOW
billing-downgrade-credit,"Subscription downgrade credit (operations console, email)",Confirm the credit amount after reducing our licensed user count. Reported through email for the internal operations console.,BILLING,LOW
billing-downgrade-credit,"Subscription downgrade credit (service desk, email)",Confirm the credit amount after reducing our licensed user count. Reported through email for the regional service desk.,BILLING,LOW
billing-downgrade-credit,"Subscription downgrade credit (web portal, phone)",Confirm the credit amount after reducing our licensed user count. Reported through telephone for the customer web portal.,BILLING,LOW
billing-downgrade-credit,"Subscription downgrade credit (mobile app, phone)",Confirm the credit amount after reducing our licensed user count. Reported through telephone for the mobile application.,BILLING,LOW
billing-downgrade-credit,"Subscription downgrade credit (partner integration, phone)",Confirm the credit amount after reducing our licensed user count. Reported through telephone for the partner integration.,BILLING,LOW
billing-downgrade-credit,"Subscription downgrade credit (operations console, phone)",Confirm the credit amount after reducing our licensed user count. Reported through telephone for the internal operations console.,BILLING,LOW
billing-downgrade-credit,"Subscription downgrade credit (service desk, phone)",Confirm the credit amount after reducing our licensed user count. Reported through telephone for the regional service desk.,BILLING,LOW
billing-downgrade-credit,"Subscription downgrade credit (web portal, chat)",Confirm the credit amount after reducing our licensed user count. Reported through live chat for the customer web portal.,BILLING,LOW
billing-downgrade-credit,"Subscription downgrade credit (mobile app, chat)",Confirm the credit amount after reducing our licensed user count. Reported through live chat for the mobile application.,BILLING,LOW
billing-downgrade-credit,"Subscription downgrade credit (partner integration, chat)",Confirm the credit amount after reducing our licensed user count. Reported through live chat for the partner integration.,BILLING,LOW
billing-downgrade-credit,"Subscription downgrade credit (operations console, chat)",Confirm the credit amount after reducing our licensed user count. Reported through live chat for the internal operations console.,BILLING,LOW
billing-downgrade-credit,"Subscription downgrade credit (service desk, chat)",Confirm the credit amount after reducing our licensed user count. Reported through live chat for the regional service desk.,BILLING,LOW
billing-downgrade-credit,"Subscription downgrade credit (web portal, monitoring)",Confirm the credit amount after reducing our licensed user count. Reported through monitoring alert for the customer web portal.,BILLING,LOW
billing-downgrade-credit,"Subscription downgrade credit (mobile app, monitoring)",Confirm the credit amount after reducing our licensed user count. Reported through monitoring alert for the mobile application.,BILLING,LOW
billing-downgrade-credit,"Subscription downgrade credit (partner integration, monitoring)",Confirm the credit amount after reducing our licensed user count. Reported through monitoring alert for the partner integration.,BILLING,LOW
billing-downgrade-credit,"Subscription downgrade credit (operations console, monitoring)",Confirm the credit amount after reducing our licensed user count. Reported through monitoring alert for the internal operations console.,BILLING,LOW
billing-downgrade-credit,"Subscription downgrade credit (service desk, monitoring)",Confirm the credit amount after reducing our licensed user count. Reported through monitoring alert for the regional service desk.,BILLING,LOW
billing-duplicate-transactions,"Duplicate card transactions (web portal, portal)",Several customers see the same purchase charged twice this morning. Reported through support portal for the customer web portal.,BILLING,HIGH
billing-duplicate-transactions,"Duplicate card transactions (mobile app, portal)",Several customers see the same purchase charged twice this morning. Reported through support portal for the mobile application.,BILLING,HIGH
billing-duplicate-transactions,"Duplicate card transactions (partner integration, portal)",Several customers see the same purchase charged twice this morning. Reported through support portal for the partner integration.,BILLING,HIGH
billing-duplicate-transactions,"Duplicate card transactions (operations console, portal)",Several customers see the same purchase charged twice this morning. Reported through support portal for the internal operations console.,BILLING,HIGH
billing-duplicate-transactions,"Duplicate card transactions (service desk, portal)",Several customers see the same purchase charged twice this morning. Reported through support portal for the regional service desk.,BILLING,HIGH
billing-duplicate-transactions,"Duplicate card transactions (web portal, email)",Several customers see the same purchase charged twice this morning. Reported through email for the customer web portal.,BILLING,HIGH
billing-duplicate-transactions,"Duplicate card transactions (mobile app, email)",Several customers see the same purchase charged twice this morning. Reported through email for the mobile application.,BILLING,HIGH
billing-duplicate-transactions,"Duplicate card transactions (partner integration, email)",Several customers see the same purchase charged twice this morning. Reported through email for the partner integration.,BILLING,HIGH
billing-duplicate-transactions,"Duplicate card transactions (operations console, email)",Several customers see the same purchase charged twice this morning. Reported through email for the internal operations console.,BILLING,HIGH
billing-duplicate-transactions,"Duplicate card transactions (service desk, email)",Several customers see the same purchase charged twice this morning. Reported through email for the regional service desk.,BILLING,HIGH
billing-duplicate-transactions,"Duplicate card transactions (web portal, phone)",Several customers see the same purchase charged twice this morning. Reported through telephone for the customer web portal.,BILLING,HIGH
billing-duplicate-transactions,"Duplicate card transactions (mobile app, phone)",Several customers see the same purchase charged twice this morning. Reported through telephone for the mobile application.,BILLING,HIGH
billing-duplicate-transactions,"Duplicate card transactions (partner integration, phone)",Several customers see the same purchase charged twice this morning. Reported through telephone for the partner integration.,BILLING,HIGH
billing-duplicate-transactions,"Duplicate card transactions (operations console, phone)",Several customers see the same purchase charged twice this morning. Reported through telephone for the internal operations console.,BILLING,HIGH
billing-duplicate-transactions,"Duplicate card transactions (service desk, phone)",Several customers see the same purchase charged twice this morning. Reported through telephone for the regional service desk.,BILLING,HIGH
billing-duplicate-transactions,"Duplicate card transactions (web portal, chat)",Several customers see the same purchase charged twice this morning. Reported through live chat for the customer web portal.,BILLING,HIGH
billing-duplicate-transactions,"Duplicate card transactions (mobile app, chat)",Several customers see the same purchase charged twice this morning. Reported through live chat for the mobile application.,BILLING,HIGH
billing-duplicate-transactions,"Duplicate card transactions (partner integration, chat)",Several customers see the same purchase charged twice this morning. Reported through live chat for the partner integration.,BILLING,HIGH
billing-duplicate-transactions,"Duplicate card transactions (operations console, chat)",Several customers see the same purchase charged twice this morning. Reported through live chat for the internal operations console.,BILLING,HIGH
billing-duplicate-transactions,"Duplicate card transactions (service desk, chat)",Several customers see the same purchase charged twice this morning. Reported through live chat for the regional service desk.,BILLING,HIGH
billing-duplicate-transactions,"Duplicate card transactions (web portal, monitoring)",Several customers see the same purchase charged twice this morning. Reported through monitoring alert for the customer web portal.,BILLING,HIGH
billing-duplicate-transactions,"Duplicate card transactions (mobile app, monitoring)",Several customers see the same purchase charged twice this morning. Reported through monitoring alert for the mobile application.,BILLING,HIGH
billing-duplicate-transactions,"Duplicate card transactions (partner integration, monitoring)",Several customers see the same purchase charged twice this morning. Reported through monitoring alert for the partner integration.,BILLING,HIGH
billing-duplicate-transactions,"Duplicate card transactions (operations console, monitoring)",Several customers see the same purchase charged twice this morning. Reported through monitoring alert for the internal operations console.,BILLING,HIGH
billing-duplicate-transactions,"Duplicate card transactions (service desk, monitoring)",Several customers see the same purchase charged twice this morning. Reported through monitoring alert for the regional service desk.,BILLING,HIGH
billing-purchase-order,"Purchase order reference (web portal, portal)",Add our new purchase order number to the next billing statement. Reported through support portal for the customer web portal.,BILLING,LOW
billing-purchase-order,"Purchase order reference (mobile app, portal)",Add our new purchase order number to the next billing statement. Reported through support portal for the mobile application.,BILLING,LOW
billing-purchase-order,"Purchase order reference (partner integration, portal)",Add our new purchase order number to the next billing statement. Reported through support portal for the partner integration.,BILLING,LOW
billing-purchase-order,"Purchase order reference (operations console, portal)",Add our new purchase order number to the next billing statement. Reported through support portal for the internal operations console.,BILLING,LOW
billing-purchase-order,"Purchase order reference (service desk, portal)",Add our new purchase order number to the next billing statement. Reported through support portal for the regional service desk.,BILLING,LOW
billing-purchase-order,"Purchase order reference (web portal, email)",Add our new purchase order number to the next billing statement. Reported through email for the customer web portal.,BILLING,LOW
billing-purchase-order,"Purchase order reference (mobile app, email)",Add our new purchase order number to the next billing statement. Reported through email for the mobile application.,BILLING,LOW
billing-purchase-order,"Purchase order reference (partner integration, email)",Add our new purchase order number to the next billing statement. Reported through email for the partner integration.,BILLING,LOW
billing-purchase-order,"Purchase order reference (operations console, email)",Add our new purchase order number to the next billing statement. Reported through email for the internal operations console.,BILLING,LOW
billing-purchase-order,"Purchase order reference (service desk, email)",Add our new purchase order number to the next billing statement. Reported through email for the regional service desk.,BILLING,LOW
billing-purchase-order,"Purchase order reference (web portal, phone)",Add our new purchase order number to the next billing statement. Reported through telephone for the customer web portal.,BILLING,LOW
billing-purchase-order,"Purchase order reference (mobile app, phone)",Add our new purchase order number to the next billing statement. Reported through telephone for the mobile application.,BILLING,LOW
billing-purchase-order,"Purchase order reference (partner integration, phone)",Add our new purchase order number to the next billing statement. Reported through telephone for the partner integration.,BILLING,LOW
billing-purchase-order,"Purchase order reference (operations console, phone)",Add our new purchase order number to the next billing statement. Reported through telephone for the internal operations console.,BILLING,LOW
billing-purchase-order,"Purchase order reference (service desk, phone)",Add our new purchase order number to the next billing statement. Reported through telephone for the regional service desk.,BILLING,LOW
billing-purchase-order,"Purchase order reference (web portal, chat)",Add our new purchase order number to the next billing statement. Reported through live chat for the customer web portal.,BILLING,LOW
billing-purchase-order,"Purchase order reference (mobile app, chat)",Add our new purchase order number to the next billing statement. Reported through live chat for the mobile application.,BILLING,LOW
billing-purchase-order,"Purchase order reference (partner integration, chat)",Add our new purchase order number to the next billing statement. Reported through live chat for the partner integration.,BILLING,LOW
billing-purchase-order,"Purchase order reference (operations console, chat)",Add our new purchase order number to the next billing statement. Reported through live chat for the internal operations console.,BILLING,LOW
billing-purchase-order,"Purchase order reference (service desk, chat)",Add our new purchase order number to the next billing statement. Reported through live chat for the regional service desk.,BILLING,LOW
billing-purchase-order,"Purchase order reference (web portal, monitoring)",Add our new purchase order number to the next billing statement. Reported through monitoring alert for the customer web portal.,BILLING,LOW
billing-purchase-order,"Purchase order reference (mobile app, monitoring)",Add our new purchase order number to the next billing statement. Reported through monitoring alert for the mobile application.,BILLING,LOW
billing-purchase-order,"Purchase order reference (partner integration, monitoring)",Add our new purchase order number to the next billing statement. Reported through monitoring alert for the partner integration.,BILLING,LOW
billing-purchase-order,"Purchase order reference (operations console, monitoring)",Add our new purchase order number to the next billing statement. Reported through monitoring alert for the internal operations console.,BILLING,LOW
billing-purchase-order,"Purchase order reference (service desk, monitoring)",Add our new purchase order number to the next billing statement. Reported through monitoring alert for the regional service desk.,BILLING,LOW
delivery-tracking-stalled,"Package tracking stalled (web portal, portal)",The tracking page has shown the parcel at the same depot for four days. Reported through support portal for the customer web portal.,DELIVERY,MEDIUM
delivery-tracking-stalled,"Package tracking stalled (mobile app, portal)",The tracking page has shown the parcel at the same depot for four days. Reported through support portal for the mobile application.,DELIVERY,MEDIUM
delivery-tracking-stalled,"Package tracking stalled (partner integration, portal)",The tracking page has shown the parcel at the same depot for four days. Reported through support portal for the partner integration.,DELIVERY,MEDIUM
delivery-tracking-stalled,"Package tracking stalled (operations console, portal)",The tracking page has shown the parcel at the same depot for four days. Reported through support portal for the internal operations console.,DELIVERY,MEDIUM
delivery-tracking-stalled,"Package tracking stalled (service desk, portal)",The tracking page has shown the parcel at the same depot for four days. Reported through support portal for the regional service desk.,DELIVERY,MEDIUM
delivery-tracking-stalled,"Package tracking stalled (web portal, email)",The tracking page has shown the parcel at the same depot for four days. Reported through email for the customer web portal.,DELIVERY,MEDIUM
delivery-tracking-stalled,"Package tracking stalled (mobile app, email)",The tracking page has shown the parcel at the same depot for four days. Reported through email for the mobile application.,DELIVERY,MEDIUM
delivery-tracking-stalled,"Package tracking stalled (partner integration, email)",The tracking page has shown the parcel at the same depot for four days. Reported through email for the partner integration.,DELIVERY,MEDIUM
delivery-tracking-stalled,"Package tracking stalled (operations console, email)",The tracking page has shown the parcel at the same depot for four days. Reported through email for the internal operations console.,DELIVERY,MEDIUM
delivery-tracking-stalled,"Package tracking stalled (service desk, email)",The tracking page has shown the parcel at the same depot for four days. Reported through email for the regional service desk.,DELIVERY,MEDIUM
delivery-tracking-stalled,"Package tracking stalled (web portal, phone)",The tracking page has shown the parcel at the same depot for four days. Reported through telephone for the customer web portal.,DELIVERY,MEDIUM
delivery-tracking-stalled,"Package tracking stalled (mobile app, phone)",The tracking page has shown the parcel at the same depot for four days. Reported through telephone for the mobile application.,DELIVERY,MEDIUM
delivery-tracking-stalled,"Package tracking stalled (partner integration, phone)",The tracking page has shown the parcel at the same depot for four days. Reported through telephone for the partner integration.,DELIVERY,MEDIUM
delivery-tracking-stalled,"Package tracking stalled (operations console, phone)",The tracking page has shown the parcel at the same depot for four days. Reported through telephone for the internal operations console.,DELIVERY,MEDIUM
delivery-tracking-stalled,"Package tracking stalled (service desk, phone)",The tracking page has shown the parcel at the same depot for four days. Reported through telephone for the regional service desk.,DELIVERY,MEDIUM
delivery-tracking-stalled,"Package tracking stalled (web portal, chat)",The tracking page has shown the parcel at the same depot for four days. Reported through live chat for the customer web portal.,DELIVERY,MEDIUM
delivery-tracking-stalled,"Package tracking stalled (mobile app, chat)",The tracking page has shown the parcel at the same depot for four days. Reported through live chat for the mobile application.,DELIVERY,MEDIUM
delivery-tracking-stalled,"Package tracking stalled (partner integration, chat)",The tracking page has shown the parcel at the same depot for four days. Reported through live chat for the partner integration.,DELIVERY,MEDIUM
delivery-tracking-stalled,"Package tracking stalled (operations console, chat)",The tracking page has shown the parcel at the same depot for four days. Reported through live chat for the internal operations console.,DELIVERY,MEDIUM
delivery-tracking-stalled,"Package tracking stalled (service desk, chat)",The tracking page has shown the parcel at the same depot for four days. Reported through live chat for the regional service desk.,DELIVERY,MEDIUM
delivery-tracking-stalled,"Package tracking stalled (web portal, monitoring)",The tracking page has shown the parcel at the same depot for four days. Reported through monitoring alert for the customer web portal.,DELIVERY,MEDIUM
delivery-tracking-stalled,"Package tracking stalled (mobile app, monitoring)",The tracking page has shown the parcel at the same depot for four days. Reported through monitoring alert for the mobile application.,DELIVERY,MEDIUM
delivery-tracking-stalled,"Package tracking stalled (partner integration, monitoring)",The tracking page has shown the parcel at the same depot for four days. Reported through monitoring alert for the partner integration.,DELIVERY,MEDIUM
delivery-tracking-stalled,"Package tracking stalled (operations console, monitoring)",The tracking page has shown the parcel at the same depot for four days. Reported through monitoring alert for the internal operations console.,DELIVERY,MEDIUM
delivery-tracking-stalled,"Package tracking stalled (service desk, monitoring)",The tracking page has shown the parcel at the same depot for four days. Reported through monitoring alert for the regional service desk.,DELIVERY,MEDIUM
delivery-critical-parts,"Critical parts delayed (web portal, portal)",Replacement hardware for the production server missed the guaranteed arrival. Reported through support portal for the customer web portal.,DELIVERY,HIGH
delivery-critical-parts,"Critical parts delayed (mobile app, portal)",Replacement hardware for the production server missed the guaranteed arrival. Reported through support portal for the mobile application.,DELIVERY,HIGH
delivery-critical-parts,"Critical parts delayed (partner integration, portal)",Replacement hardware for the production server missed the guaranteed arrival. Reported through support portal for the partner integration.,DELIVERY,HIGH
delivery-critical-parts,"Critical parts delayed (operations console, portal)",Replacement hardware for the production server missed the guaranteed arrival. Reported through support portal for the internal operations console.,DELIVERY,HIGH
delivery-critical-parts,"Critical parts delayed (service desk, portal)",Replacement hardware for the production server missed the guaranteed arrival. Reported through support portal for the regional service desk.,DELIVERY,HIGH
delivery-critical-parts,"Critical parts delayed (web portal, email)",Replacement hardware for the production server missed the guaranteed arrival. Reported through email for the customer web portal.,DELIVERY,HIGH
delivery-critical-parts,"Critical parts delayed (mobile app, email)",Replacement hardware for the production server missed the guaranteed arrival. Reported through email for the mobile application.,DELIVERY,HIGH
delivery-critical-parts,"Critical parts delayed (partner integration, email)",Replacement hardware for the production server missed the guaranteed arrival. Reported through email for the partner integration.,DELIVERY,HIGH
delivery-critical-parts,"Critical parts delayed (operations console, email)",Replacement hardware for the production server missed the guaranteed arrival. Reported through email for the internal operations console.,DELIVERY,HIGH
delivery-critical-parts,"Critical parts delayed (service desk, email)",Replacement hardware for the production server missed the guaranteed arrival. Reported through email for the regional service desk.,DELIVERY,HIGH
delivery-critical-parts,"Critical parts delayed (web portal, phone)",Replacement hardware for the production server missed the guaranteed arrival. Reported through telephone for the customer web portal.,DELIVERY,HIGH
delivery-critical-parts,"Critical parts delayed (mobile app, phone)",Replacement hardware for the production server missed the guaranteed arrival. Reported through telephone for the mobile application.,DELIVERY,HIGH
delivery-critical-parts,"Critical parts delayed (partner integration, phone)",Replacement hardware for the production server missed the guaranteed arrival. Reported through telephone for the partner integration.,DELIVERY,HIGH
delivery-critical-parts,"Critical parts delayed (operations console, phone)",Replacement hardware for the production server missed the guaranteed arrival. Reported through telephone for the internal operations console.,DELIVERY,HIGH
delivery-critical-parts,"Critical parts delayed (service desk, phone)",Replacement hardware for the production server missed the guaranteed arrival. Reported through telephone for the regional service desk.,DELIVERY,HIGH
delivery-critical-parts,"Critical parts delayed (web portal, chat)",Replacement hardware for the production server missed the guaranteed arrival. Reported through live chat for the customer web portal.,DELIVERY,HIGH
delivery-critical-parts,"Critical parts delayed (mobile app, chat)",Replacement hardware for the production server missed the guaranteed arrival. Reported through live chat for the mobile application.,DELIVERY,HIGH
delivery-critical-parts,"Critical parts delayed (partner integration, chat)",Replacement hardware for the production server missed the guaranteed arrival. Reported through live chat for the partner integration.,DELIVERY,HIGH
delivery-critical-parts,"Critical parts delayed (operations console, chat)",Replacement hardware for the production server missed the guaranteed arrival. Reported through live chat for the internal operations console.,DELIVERY,HIGH
delivery-critical-parts,"Critical parts delayed (service desk, chat)",Replacement hardware for the production server missed the guaranteed arrival. Reported through live chat for the regional service desk.,DELIVERY,HIGH
delivery-critical-parts,"Critical parts delayed (web portal, monitoring)",Replacement hardware for the production server missed the guaranteed arrival. Reported through monitoring alert for the customer web portal.,DELIVERY,HIGH
delivery-critical-parts,"Critical parts delayed (mobile app, monitoring)",Replacement hardware for the production server missed the guaranteed arrival. Reported through monitoring alert for the mobile application.,DELIVERY,HIGH
delivery-critical-parts,"Critical parts delayed (partner integration, monitoring)",Replacement hardware for the production server missed the guaranteed arrival. Reported through monitoring alert for the partner integration.,DELIVERY,HIGH
delivery-critical-parts,"Critical parts delayed (operations console, monitoring)",Replacement hardware for the production server missed the guaranteed arrival. Reported through monitoring alert for the internal operations console.,DELIVERY,HIGH
delivery-critical-parts,"Critical parts delayed (service desk, monitoring)",Replacement hardware for the production server missed the guaranteed arrival. Reported through monitoring alert for the regional service desk.,DELIVERY,HIGH
delivery-address-change,"Change delivery address (web portal, portal)",Please redirect the unopened parcel to our new office reception. Reported through support portal for the customer web portal.,DELIVERY,LOW
delivery-address-change,"Change delivery address (mobile app, portal)",Please redirect the unopened parcel to our new office reception. Reported through support portal for the mobile application.,DELIVERY,LOW
delivery-address-change,"Change delivery address (partner integration, portal)",Please redirect the unopened parcel to our new office reception. Reported through support portal for the partner integration.,DELIVERY,LOW
delivery-address-change,"Change delivery address (operations console, portal)",Please redirect the unopened parcel to our new office reception. Reported through support portal for the internal operations console.,DELIVERY,LOW
delivery-address-change,"Change delivery address (service desk, portal)",Please redirect the unopened parcel to our new office reception. Reported through support portal for the regional service desk.,DELIVERY,LOW
delivery-address-change,"Change delivery address (web portal, email)",Please redirect the unopened parcel to our new office reception. Reported through email for the customer web portal.,DELIVERY,LOW
delivery-address-change,"Change delivery address (mobile app, email)",Please redirect the unopened parcel to our new office reception. Reported through email for the mobile application.,DELIVERY,LOW
delivery-address-change,"Change delivery address (partner integration, email)",Please redirect the unopened parcel to our new office reception. Reported through email for the partner integration.,DELIVERY,LOW
delivery-address-change,"Change delivery address (operations console, email)",Please redirect the unopened parcel to our new office reception. Reported through email for the internal operations console.,DELIVERY,LOW
delivery-address-change,"Change delivery address (service desk, email)",Please redirect the unopened parcel to our new office reception. Reported through email for the regional service desk.,DELIVERY,LOW
delivery-address-change,"Change delivery address (web portal, phone)",Please redirect the unopened parcel to our new office reception. Reported through telephone for the customer web portal.,DELIVERY,LOW
delivery-address-change,"Change delivery address (mobile app, phone)",Please redirect the unopened parcel to our new office reception. Reported through telephone for the mobile application.,DELIVERY,LOW
delivery-address-change,"Change delivery address (partner integration, phone)",Please redirect the unopened parcel to our new office reception. Reported through telephone for the partner integration.,DELIVERY,LOW
delivery-address-change,"Change delivery address (operations console, phone)",Please redirect the unopened parcel to our new office reception. Reported through telephone for the internal operations console.,DELIVERY,LOW
delivery-address-change,"Change delivery address (service desk, phone)",Please redirect the unopened parcel to our new office reception. Reported through telephone for the regional service desk.,DELIVERY,LOW
delivery-address-change,"Change delivery address (web portal, chat)",Please redirect the unopened parcel to our new office reception. Reported through live chat for the customer web portal.,DELIVERY,LOW
delivery-address-change,"Change delivery address (mobile app, chat)",Please redirect the unopened parcel to our new office reception. Reported through live chat for the mobile application.,DELIVERY,LOW
delivery-address-change,"Change delivery address (partner integration, chat)",Please redirect the unopened parcel to our new office reception. Reported through live chat for the partner integration.,DELIVERY,LOW
delivery-address-change,"Change delivery address (operations console, chat)",Please redirect the unopened parcel to our new office reception. Reported through live chat for the internal operations console.,DELIVERY,LOW
delivery-address-change,"Change delivery address (service desk, chat)",Please redirect the unopened parcel to our new office reception. Reported through live chat for the regional service desk.,DELIVERY,LOW
delivery-address-change,"Change delivery address (web portal, monitoring)",Please redirect the unopened parcel to our new office reception. Reported through monitoring alert for the customer web portal.,DELIVERY,LOW
delivery-address-change,"Change delivery address (mobile app, monitoring)",Please redirect the unopened parcel to our new office reception. Reported through monitoring alert for the mobile application.,DELIVERY,LOW
delivery-address-change,"Change delivery address (partner integration, monitoring)",Please redirect the unopened parcel to our new office reception. Reported through monitoring alert for the partner integration.,DELIVERY,LOW
delivery-address-change,"Change delivery address (operations console, monitoring)",Please redirect the unopened parcel to our new office reception. Reported through monitoring alert for the internal operations console.,DELIVERY,LOW
delivery-address-change,"Change delivery address (service desk, monitoring)",Please redirect the unopened parcel to our new office reception. Reported through monitoring alert for the regional service desk.,DELIVERY,LOW
delivery-damaged,"Shipment arrived damaged (web portal, portal)",The delivered monitor has a cracked screen and crushed packaging. Reported through support portal for the customer web portal.,DELIVERY,MEDIUM
delivery-damaged,"Shipment arrived damaged (mobile app, portal)",The delivered monitor has a cracked screen and crushed packaging. Reported through support portal for the mobile application.,DELIVERY,MEDIUM
delivery-damaged,"Shipment arrived damaged (partner integration, portal)",The delivered monitor has a cracked screen and crushed packaging. Reported through support portal for the partner integration.,DELIVERY,MEDIUM
delivery-damaged,"Shipment arrived damaged (operations console, portal)",The delivered monitor has a cracked screen and crushed packaging. Reported through support portal for the internal operations console.,DELIVERY,MEDIUM
delivery-damaged,"Shipment arrived damaged (service desk, portal)",The delivered monitor has a cracked screen and crushed packaging. Reported through support portal for the regional service desk.,DELIVERY,MEDIUM
delivery-damaged,"Shipment arrived damaged (web portal, email)",The delivered monitor has a cracked screen and crushed packaging. Reported through email for the customer web portal.,DELIVERY,MEDIUM
delivery-damaged,"Shipment arrived damaged (mobile app, email)",The delivered monitor has a cracked screen and crushed packaging. Reported through email for the mobile application.,DELIVERY,MEDIUM
delivery-damaged,"Shipment arrived damaged (partner integration, email)",The delivered monitor has a cracked screen and crushed packaging. Reported through email for the partner integration.,DELIVERY,MEDIUM
delivery-damaged,"Shipment arrived damaged (operations console, email)",The delivered monitor has a cracked screen and crushed packaging. Reported through email for the internal operations console.,DELIVERY,MEDIUM
delivery-damaged,"Shipment arrived damaged (service desk, email)",The delivered monitor has a cracked screen and crushed packaging. Reported through email for the regional service desk.,DELIVERY,MEDIUM
delivery-damaged,"Shipment arrived damaged (web portal, phone)",The delivered monitor has a cracked screen and crushed packaging. Reported through telephone for the customer web portal.,DELIVERY,MEDIUM
delivery-damaged,"Shipment arrived damaged (mobile app, phone)",The delivered monitor has a cracked screen and crushed packaging. Reported through telephone for the mobile application.,DELIVERY,MEDIUM
delivery-damaged,"Shipment arrived damaged (partner integration, phone)",The delivered monitor has a cracked screen and crushed packaging. Reported through telephone for the partner integration.,DELIVERY,MEDIUM
delivery-damaged,"Shipment arrived damaged (operations console, phone)",The delivered monitor has a cracked screen and crushed packaging. Reported through telephone for the internal operations console.,DELIVERY,MEDIUM
delivery-damaged,"Shipment arrived damaged (service desk, phone)",The delivered monitor has a cracked screen and crushed packaging. Reported through telephone for the regional service desk.,DELIVERY,MEDIUM
delivery-damaged,"Shipment arrived damaged (web portal, chat)",The delivered monitor has a cracked screen and crushed packaging. Reported through live chat for the customer web portal.,DELIVERY,MEDIUM
delivery-damaged,"Shipment arrived damaged (mobile app, chat)",The delivered monitor has a cracked screen and crushed packaging. Reported through live chat for the mobile application.,DELIVERY,MEDIUM
delivery-damaged,"Shipment arrived damaged (partner integration, chat)",The delivered monitor has a cracked screen and crushed packaging. Reported through live chat for the partner integration.,DELIVERY,MEDIUM
delivery-damaged,"Shipment arrived damaged (operations console, chat)",The delivered monitor has a cracked screen and crushed packaging. Reported through live chat for the internal operations console.,DELIVERY,MEDIUM
delivery-damaged,"Shipment arrived damaged (service desk, chat)",The delivered monitor has a cracked screen and crushed packaging. Reported through live chat for the regional service desk.,DELIVERY,MEDIUM
delivery-damaged,"Shipment arrived damaged (web portal, monitoring)",The delivered monitor has a cracked screen and crushed packaging. Reported through monitoring alert for the customer web portal.,DELIVERY,MEDIUM
delivery-damaged,"Shipment arrived damaged (mobile app, monitoring)",The delivered monitor has a cracked screen and crushed packaging. Reported through monitoring alert for the mobile application.,DELIVERY,MEDIUM
delivery-damaged,"Shipment arrived damaged (partner integration, monitoring)",The delivered monitor has a cracked screen and crushed packaging. Reported through monitoring alert for the partner integration.,DELIVERY,MEDIUM
delivery-damaged,"Shipment arrived damaged (operations console, monitoring)",The delivered monitor has a cracked screen and crushed packaging. Reported through monitoring alert for the internal operations console.,DELIVERY,MEDIUM
delivery-damaged,"Shipment arrived damaged (service desk, monitoring)",The delivered monitor has a cracked screen and crushed packaging. Reported through monitoring alert for the regional service desk.,DELIVERY,MEDIUM
delivery-medication-missing,"Medication shipment missing (web portal, portal)",The temperature controlled urgent parcel was marked delivered but is absent. Reported through support portal for the customer web portal.,DELIVERY,HIGH
delivery-medication-missing,"Medication shipment missing (mobile app, portal)",The temperature controlled urgent parcel was marked delivered but is absent. Reported through support portal for the mobile application.,DELIVERY,HIGH
delivery-medication-missing,"Medication shipment missing (partner integration, portal)",The temperature controlled urgent parcel was marked delivered but is absent. Reported through support portal for the partner integration.,DELIVERY,HIGH
delivery-medication-missing,"Medication shipment missing (operations console, portal)",The temperature controlled urgent parcel was marked delivered but is absent. Reported through support portal for the internal operations console.,DELIVERY,HIGH
delivery-medication-missing,"Medication shipment missing (service desk, portal)",The temperature controlled urgent parcel was marked delivered but is absent. Reported through support portal for the regional service desk.,DELIVERY,HIGH
delivery-medication-missing,"Medication shipment missing (web portal, email)",The temperature controlled urgent parcel was marked delivered but is absent. Reported through email for the customer web portal.,DELIVERY,HIGH
delivery-medication-missing,"Medication shipment missing (mobile app, email)",The temperature controlled urgent parcel was marked delivered but is absent. Reported through email for the mobile application.,DELIVERY,HIGH
delivery-medication-missing,"Medication shipment missing (partner integration, email)",The temperature controlled urgent parcel was marked delivered but is absent. Reported through email for the partner integration.,DELIVERY,HIGH
delivery-medication-missing,"Medication shipment missing (operations console, email)",The temperature controlled urgent parcel was marked delivered but is absent. Reported through email for the internal operations console.,DELIVERY,HIGH
delivery-medication-missing,"Medication shipment missing (service desk, email)",The temperature controlled urgent parcel was marked delivered but is absent. Reported through email for the regional service desk.,DELIVERY,HIGH
delivery-medication-missing,"Medication shipment missing (web portal, phone)",The temperature controlled urgent parcel was marked delivered but is absent. Reported through telephone for the customer web portal.,DELIVERY,HIGH
delivery-medication-missing,"Medication shipment missing (mobile app, phone)",The temperature controlled urgent parcel was marked delivered but is absent. Reported through telephone for the mobile application.,DELIVERY,HIGH
delivery-medication-missing,"Medication shipment missing (partner integration, phone)",The temperature controlled urgent parcel was marked delivered but is absent. Reported through telephone for the partner integration.,DELIVERY,HIGH
delivery-medication-missing,"Medication shipment missing (operations console, phone)",The temperature controlled urgent parcel was marked delivered but is absent. Reported through telephone for the internal operations console.,DELIVERY,HIGH
delivery-medication-missing,"Medication shipment missing (service desk, phone)",The temperature controlled urgent parcel was marked delivered but is absent. Reported through telephone for the regional service desk.,DELIVERY,HIGH
delivery-medication-missing,"Medication shipment missing (web portal, chat)",The temperature controlled urgent parcel was marked delivered but is absent. Reported through live chat for the customer web portal.,DELIVERY,HIGH
delivery-medication-missing,"Medication shipment missing (mobile app, chat)",The temperature controlled urgent parcel was marked delivered but is absent. Reported through live chat for the mobile application.,DELIVERY,HIGH
delivery-medication-missing,"Medication shipment missing (partner integration, chat)",The temperature controlled urgent parcel was marked delivered but is absent. Reported through live chat for the partner integration.,DELIVERY,HIGH
delivery-medication-missing,"Medication shipment missing (operations console, chat)",The temperature controlled urgent parcel was marked delivered but is absent. Reported through live chat for the internal operations console.,DELIVERY,HIGH
delivery-medication-missing,"Medication shipment missing (service desk, chat)",The temperature controlled urgent parcel was marked delivered but is absent. Reported through live chat for the regional service desk.,DELIVERY,HIGH
delivery-medication-missing,"Medication shipment missing (web portal, monitoring)",The temperature controlled urgent parcel was marked delivered but is absent. Reported through monitoring alert for the customer web portal.,DELIVERY,HIGH
delivery-medication-missing,"Medication shipment missing (mobile app, monitoring)",The temperature controlled urgent parcel was marked delivered but is absent. Reported through monitoring alert for the mobile application.,DELIVERY,HIGH
delivery-medication-missing,"Medication shipment missing (partner integration, monitoring)",The temperature controlled urgent parcel was marked delivered but is absent. Reported through monitoring alert for the partner integration.,DELIVERY,HIGH
delivery-medication-missing,"Medication shipment missing (operations console, monitoring)",The temperature controlled urgent parcel was marked delivered but is absent. Reported through monitoring alert for the internal operations console.,DELIVERY,HIGH
delivery-medication-missing,"Medication shipment missing (service desk, monitoring)",The temperature controlled urgent parcel was marked delivered but is absent. Reported through monitoring alert for the regional service desk.,DELIVERY,HIGH
delivery-proof,"Request proof of delivery (web portal, portal)",Please provide the recipient signature for last week's shipment. Reported through support portal for the customer web portal.,DELIVERY,LOW
delivery-proof,"Request proof of delivery (mobile app, portal)",Please provide the recipient signature for last week's shipment. Reported through support portal for the mobile application.,DELIVERY,LOW
delivery-proof,"Request proof of delivery (partner integration, portal)",Please provide the recipient signature for last week's shipment. Reported through support portal for the partner integration.,DELIVERY,LOW
delivery-proof,"Request proof of delivery (operations console, portal)",Please provide the recipient signature for last week's shipment. Reported through support portal for the internal operations console.,DELIVERY,LOW
delivery-proof,"Request proof of delivery (service desk, portal)",Please provide the recipient signature for last week's shipment. Reported through support portal for the regional service desk.,DELIVERY,LOW
delivery-proof,"Request proof of delivery (web portal, email)",Please provide the recipient signature for last week's shipment. Reported through email for the customer web portal.,DELIVERY,LOW
delivery-proof,"Request proof of delivery (mobile app, email)",Please provide the recipient signature for last week's shipment. Reported through email for the mobile application.,DELIVERY,LOW
delivery-proof,"Request proof of delivery (partner integration, email)",Please provide the recipient signature for last week's shipment. Reported through email for the partner integration.,DELIVERY,LOW
delivery-proof,"Request proof of delivery (operations console, email)",Please provide the recipient signature for last week's shipment. Reported through email for the internal operations console.,DELIVERY,LOW
delivery-proof,"Request proof of delivery (service desk, email)",Please provide the recipient signature for last week's shipment. Reported through email for the regional service desk.,DELIVERY,LOW
delivery-proof,"Request proof of delivery (web portal, phone)",Please provide the recipient signature for last week's shipment. Reported through telephone for the customer web portal.,DELIVERY,LOW
delivery-proof,"Request proof of delivery (mobile app, phone)",Please provide the recipient signature for last week's shipment. Reported through telephone for the mobile application.,DELIVERY,LOW
delivery-proof,"Request proof of delivery (partner integration, phone)",Please provide the recipient signature for last week's shipment. Reported through telephone for the partner integration.,DELIVERY,LOW
delivery-proof,"Request proof of delivery (operations console, phone)",Please provide the recipient signature for last week's shipment. Reported through telephone for the internal operations console.,DELIVERY,LOW
delivery-proof,"Request proof of delivery (service desk, phone)",Please provide the recipient signature for last week's shipment. Reported through telephone for the regional service desk.,DELIVERY,LOW
delivery-proof,"Request proof of delivery (web portal, chat)",Please provide the recipient signature for last week's shipment. Reported through live chat for the customer web portal.,DELIVERY,LOW
delivery-proof,"Request proof of delivery (mobile app, chat)",Please provide the recipient signature for last week's shipment. Reported through live chat for the mobile application.,DELIVERY,LOW
delivery-proof,"Request proof of delivery (partner integration, chat)",Please provide the recipient signature for last week's shipment. Reported through live chat for the partner integration.,DELIVERY,LOW
delivery-proof,"Request proof of delivery (operations console, chat)",Please provide the recipient signature for last week's shipment. Reported through live chat for the internal operations console.,DELIVERY,LOW
delivery-proof,"Request proof of delivery (service desk, chat)",Please provide the recipient signature for last week's shipment. Reported through live chat for the regional service desk.,DELIVERY,LOW
delivery-proof,"Request proof of delivery (web portal, monitoring)",Please provide the recipient signature for last week's shipment. Reported through monitoring alert for the customer web portal.,DELIVERY,LOW
delivery-proof,"Request proof of delivery (mobile app, monitoring)",Please provide the recipient signature for last week's shipment. Reported through monitoring alert for the mobile application.,DELIVERY,LOW
delivery-proof,"Request proof of delivery (partner integration, monitoring)",Please provide the recipient signature for last week's shipment. Reported through monitoring alert for the partner integration.,DELIVERY,LOW
delivery-proof,"Request proof of delivery (operations console, monitoring)",Please provide the recipient signature for last week's shipment. Reported through monitoring alert for the internal operations console.,DELIVERY,LOW
delivery-proof,"Request proof of delivery (service desk, monitoring)",Please provide the recipient signature for last week's shipment. Reported through monitoring alert for the regional service desk.,DELIVERY,LOW
delivery-wrong-item,"Wrong item delivered (web portal, portal)",The box contains a keyboard instead of the ordered network switch. Reported through support portal for the customer web portal.,DELIVERY,MEDIUM
delivery-wrong-item,"Wrong item delivered (mobile app, portal)",The box contains a keyboard instead of the ordered network switch. Reported through support portal for the mobile application.,DELIVERY,MEDIUM
delivery-wrong-item,"Wrong item delivered (partner integration, portal)",The box contains a keyboard instead of the ordered network switch. Reported through support portal for the partner integration.,DELIVERY,MEDIUM
delivery-wrong-item,"Wrong item delivered (operations console, portal)",The box contains a keyboard instead of the ordered network switch. Reported through support portal for the internal operations console.,DELIVERY,MEDIUM
delivery-wrong-item,"Wrong item delivered (service desk, portal)",The box contains a keyboard instead of the ordered network switch. Reported through support portal for the regional service desk.,DELIVERY,MEDIUM
delivery-wrong-item,"Wrong item delivered (web portal, email)",The box contains a keyboard instead of the ordered network switch. Reported through email for the customer web portal.,DELIVERY,MEDIUM
delivery-wrong-item,"Wrong item delivered (mobile app, email)",The box contains a keyboard instead of the ordered network switch. Reported through email for the mobile application.,DELIVERY,MEDIUM
delivery-wrong-item,"Wrong item delivered (partner integration, email)",The box contains a keyboard instead of the ordered network switch. Reported through email for the partner integration.,DELIVERY,MEDIUM
delivery-wrong-item,"Wrong item delivered (operations console, email)",The box contains a keyboard instead of the ordered network switch. Reported through email for the internal operations console.,DELIVERY,MEDIUM
delivery-wrong-item,"Wrong item delivered (service desk, email)",The box contains a keyboard instead of the ordered network switch. Reported through email for the regional service desk.,DELIVERY,MEDIUM
delivery-wrong-item,"Wrong item delivered (web portal, phone)",The box contains a keyboard instead of the ordered network switch. Reported through telephone for the customer web portal.,DELIVERY,MEDIUM
delivery-wrong-item,"Wrong item delivered (mobile app, phone)",The box contains a keyboard instead of the ordered network switch. Reported through telephone for the mobile application.,DELIVERY,MEDIUM
delivery-wrong-item,"Wrong item delivered (partner integration, phone)",The box contains a keyboard instead of the ordered network switch. Reported through telephone for the partner integration.,DELIVERY,MEDIUM
delivery-wrong-item,"Wrong item delivered (operations console, phone)",The box contains a keyboard instead of the ordered network switch. Reported through telephone for the internal operations console.,DELIVERY,MEDIUM
delivery-wrong-item,"Wrong item delivered (service desk, phone)",The box contains a keyboard instead of the ordered network switch. Reported through telephone for the regional service desk.,DELIVERY,MEDIUM
delivery-wrong-item,"Wrong item delivered (web portal, chat)",The box contains a keyboard instead of the ordered network switch. Reported through live chat for the customer web portal.,DELIVERY,MEDIUM
delivery-wrong-item,"Wrong item delivered (mobile app, chat)",The box contains a keyboard instead of the ordered network switch. Reported through live chat for the mobile application.,DELIVERY,MEDIUM
delivery-wrong-item,"Wrong item delivered (partner integration, chat)",The box contains a keyboard instead of the ordered network switch. Reported through live chat for the partner integration.,DELIVERY,MEDIUM
delivery-wrong-item,"Wrong item delivered (operations console, chat)",The box contains a keyboard instead of the ordered network switch. Reported through live chat for the internal operations console.,DELIVERY,MEDIUM
delivery-wrong-item,"Wrong item delivered (service desk, chat)",The box contains a keyboard instead of the ordered network switch. Reported through live chat for the regional service desk.,DELIVERY,MEDIUM
delivery-wrong-item,"Wrong item delivered (web portal, monitoring)",The box contains a keyboard instead of the ordered network switch. Reported through monitoring alert for the customer web portal.,DELIVERY,MEDIUM
delivery-wrong-item,"Wrong item delivered (mobile app, monitoring)",The box contains a keyboard instead of the ordered network switch. Reported through monitoring alert for the mobile application.,DELIVERY,MEDIUM
delivery-wrong-item,"Wrong item delivered (partner integration, monitoring)",The box contains a keyboard instead of the ordered network switch. Reported through monitoring alert for the partner integration.,DELIVERY,MEDIUM
delivery-wrong-item,"Wrong item delivered (operations console, monitoring)",The box contains a keyboard instead of the ordered network switch. Reported through monitoring alert for the internal operations console.,DELIVERY,MEDIUM
delivery-wrong-item,"Wrong item delivered (service desk, monitoring)",The box contains a keyboard instead of the ordered network switch. Reported through monitoring alert for the regional service desk.,DELIVERY,MEDIUM
delivery-missed-collection,"Courier did not collect (web portal, portal)",The scheduled courier collection was missed for the second time. Reported through support portal for the customer web portal.,DELIVERY,MEDIUM
delivery-missed-collection,"Courier did not collect (mobile app, portal)",The scheduled courier collection was missed for the second time. Reported through support portal for the mobile application.,DELIVERY,MEDIUM
delivery-missed-collection,"Courier did not collect (partner integration, portal)",The scheduled courier collection was missed for the second time. Reported through support portal for the partner integration.,DELIVERY,MEDIUM
delivery-missed-collection,"Courier did not collect (operations console, portal)",The scheduled courier collection was missed for the second time. Reported through support portal for the internal operations console.,DELIVERY,MEDIUM
delivery-missed-collection,"Courier did not collect (service desk, portal)",The scheduled courier collection was missed for the second time. Reported through support portal for the regional service desk.,DELIVERY,MEDIUM
delivery-missed-collection,"Courier did not collect (web portal, email)",The scheduled courier collection was missed for the second time. Reported through email for the customer web portal.,DELIVERY,MEDIUM
delivery-missed-collection,"Courier did not collect (mobile app, email)",The scheduled courier collection was missed for the second time. Reported through email for the mobile application.,DELIVERY,MEDIUM
delivery-missed-collection,"Courier did not collect (partner integration, email)",The scheduled courier collection was missed for the second time. Reported through email for the partner integration.,DELIVERY,MEDIUM
delivery-missed-collection,"Courier did not collect (operations console, email)",The scheduled courier collection was missed for the second time. Reported through email for the internal operations console.,DELIVERY,MEDIUM
delivery-missed-collection,"Courier did not collect (service desk, email)",The scheduled courier collection was missed for the second time. Reported through email for the regional service desk.,DELIVERY,MEDIUM
delivery-missed-collection,"Courier did not collect (web portal, phone)",The scheduled courier collection was missed for the second time. Reported through telephone for the customer web portal.,DELIVERY,MEDIUM
delivery-missed-collection,"Courier did not collect (mobile app, phone)",The scheduled courier collection was missed for the second time. Reported through telephone for the mobile application.,DELIVERY,MEDIUM
delivery-missed-collection,"Courier did not collect (partner integration, phone)",The scheduled courier collection was missed for the second time. Reported through telephone for the partner integration.,DELIVERY,MEDIUM
delivery-missed-collection,"Courier did not collect (operations console, phone)",The scheduled courier collection was missed for the second time. Reported through telephone for the internal operations console.,DELIVERY,MEDIUM
delivery-missed-collection,"Courier did not collect (service desk, phone)",The scheduled courier collection was missed for the second time. Reported through telephone for the regional service desk.,DELIVERY,MEDIUM
delivery-missed-collection,"Courier did not collect (web portal, chat)",The scheduled courier collection was missed for the second time. Reported through live chat for the customer web portal.,DELIVERY,MEDIUM
delivery-missed-collection,"Courier did not collect (mobile app, chat)",The scheduled courier collection was missed for the second time. Reported through live chat for the mobile application.,DELIVERY,MEDIUM
delivery-missed-collection,"Courier did not collect (partner integration, chat)",The scheduled courier collection was missed for the second time. Reported through live chat for the partner integration.,DELIVERY,MEDIUM
delivery-missed-collection,"Courier did not collect (operations console, chat)",The scheduled courier collection was missed for the second time. Reported through live chat for the internal operations console.,DELIVERY,MEDIUM
delivery-missed-collection,"Courier did not collect (service desk, chat)",The scheduled courier collection was missed for the second time. Reported through live chat for the regional service desk.,DELIVERY,MEDIUM
delivery-missed-collection,"Courier did not collect (web portal, monitoring)",The scheduled courier collection was missed for the second time. Reported through monitoring alert for the customer web portal.,DELIVERY,MEDIUM
delivery-missed-collection,"Courier did not collect (mobile app, monitoring)",The scheduled courier collection was missed for the second time. Reported through monitoring alert for the mobile application.,DELIVERY,MEDIUM
delivery-missed-collection,"Courier did not collect (partner integration, monitoring)",The scheduled courier collection was missed for the second time. Reported through monitoring alert for the partner integration.,DELIVERY,MEDIUM
delivery-missed-collection,"Courier did not collect (operations console, monitoring)",The scheduled courier collection was missed for the second time. Reported through monitoring alert for the internal operations console.,DELIVERY,MEDIUM
delivery-missed-collection,"Courier did not collect (service desk, monitoring)",The scheduled courier collection was missed for the second time. Reported through monitoring alert for the regional service desk.,DELIVERY,MEDIUM
delivery-customs-hold,"Production equipment held (web portal, portal)",Essential factory equipment is held at customs and production will stop. Reported through support portal for the customer web portal.,DELIVERY,HIGH
delivery-customs-hold,"Production equipment held (mobile app, portal)",Essential factory equipment is held at customs and production will stop. Reported through support portal for the mobile application.,DELIVERY,HIGH
delivery-customs-hold,"Production equipment held (partner integration, portal)",Essential factory equipment is held at customs and production will stop. Reported through support portal for the partner integration.,DELIVERY,HIGH
delivery-customs-hold,"Production equipment held (operations console, portal)",Essential factory equipment is held at customs and production will stop. Reported through support portal for the internal operations console.,DELIVERY,HIGH
delivery-customs-hold,"Production equipment held (service desk, portal)",Essential factory equipment is held at customs and production will stop. Reported through support portal for the regional service desk.,DELIVERY,HIGH
delivery-customs-hold,"Production equipment held (web portal, email)",Essential factory equipment is held at customs and production will stop. Reported through email for the customer web portal.,DELIVERY,HIGH
delivery-customs-hold,"Production equipment held (mobile app, email)",Essential factory equipment is held at customs and production will stop. Reported through email for the mobile application.,DELIVERY,HIGH
delivery-customs-hold,"Production equipment held (partner integration, email)",Essential factory equipment is held at customs and production will stop. Reported through email for the partner integration.,DELIVERY,HIGH
delivery-customs-hold,"Production equipment held (operations console, email)",Essential factory equipment is held at customs and production will stop. Reported through email for the internal operations console.,DELIVERY,HIGH
delivery-customs-hold,"Production equipment held (service desk, email)",Essential factory equipment is held at customs and production will stop. Reported through email for the regional service desk.,DELIVERY,HIGH
delivery-customs-hold,"Production equipment held (web portal, phone)",Essential factory equipment is held at customs and production will stop. Reported through telephone for the customer web portal.,DELIVERY,HIGH
delivery-customs-hold,"Production equipment held (mobile app, phone)",Essential factory equipment is held at customs and production will stop. Reported through telephone for the mobile application.,DELIVERY,HIGH
delivery-customs-hold,"Production equipment held (partner integration, phone)",Essential factory equipment is held at customs and production will stop. Reported through telephone for the partner integration.,DELIVERY,HIGH
delivery-customs-hold,"Production equipment held (operations console, phone)",Essential factory equipment is held at customs and production will stop. Reported through telephone for the internal operations console.,DELIVERY,HIGH
delivery-customs-hold,"Production equipment held (service desk, phone)",Essential factory equipment is held at customs and production will stop. Reported through telephone for the regional service desk.,DELIVERY,HIGH
delivery-customs-hold,"Production equipment held (web portal, chat)",Essential factory equipment is held at customs and production will stop. Reported through live chat for the customer web portal.,DELIVERY,HIGH
delivery-customs-hold,"Production equipment held (mobile app, chat)",Essential factory equipment is held at customs and production will stop. Reported through live chat for the mobile application.,DELIVERY,HIGH
delivery-customs-hold,"Production equipment held (partner integration, chat)",Essential factory equipment is held at customs and production will stop. Reported through live chat for the partner integration.,DELIVERY,HIGH
delivery-customs-hold,"Production equipment held (operations console, chat)",Essential factory equipment is held at customs and production will stop. Reported through live chat for the internal operations console.,DELIVERY,HIGH
delivery-customs-hold,"Production equipment held (service desk, chat)",Essential factory equipment is held at customs and production will stop. Reported through live chat for the regional service desk.,DELIVERY,HIGH
delivery-customs-hold,"Production equipment held (web portal, monitoring)",Essential factory equipment is held at customs and production will stop. Reported through monitoring alert for the customer web portal.,DELIVERY,HIGH
delivery-customs-hold,"Production equipment held (mobile app, monitoring)",Essential factory equipment is held at customs and production will stop. Reported through monitoring alert for the mobile application.,DELIVERY,HIGH
delivery-customs-hold,"Production equipment held (partner integration, monitoring)",Essential factory equipment is held at customs and production will stop. Reported through monitoring alert for the partner integration.,DELIVERY,HIGH
delivery-customs-hold,"Production equipment held (operations console, monitoring)",Essential factory equipment is held at customs and production will stop. Reported through monitoring alert for the internal operations console.,DELIVERY,HIGH
delivery-customs-hold,"Production equipment held (service desk, monitoring)",Essential factory equipment is held at customs and production will stop. Reported through monitoring alert for the regional service desk.,DELIVERY,HIGH
delivery-window,"Delivery window question (web portal, portal)",What time should our office expect the standard stationery delivery. Reported through support portal for the customer web portal.,DELIVERY,LOW
delivery-window,"Delivery window question (mobile app, portal)",What time should our office expect the standard stationery delivery. Reported through support portal for the mobile application.,DELIVERY,LOW
delivery-window,"Delivery window question (partner integration, portal)",What time should our office expect the standard stationery delivery. Reported through support portal for the partner integration.,DELIVERY,LOW
delivery-window,"Delivery window question (operations console, portal)",What time should our office expect the standard stationery delivery. Reported through support portal for the internal operations console.,DELIVERY,LOW
delivery-window,"Delivery window question (service desk, portal)",What time should our office expect the standard stationery delivery. Reported through support portal for the regional service desk.,DELIVERY,LOW
delivery-window,"Delivery window question (web portal, email)",What time should our office expect the standard stationery delivery. Reported through email for the customer web portal.,DELIVERY,LOW
delivery-window,"Delivery window question (mobile app, email)",What time should our office expect the standard stationery delivery. Reported through email for the mobile application.,DELIVERY,LOW
delivery-window,"Delivery window question (partner integration, email)",What time should our office expect the standard stationery delivery. Reported through email for the partner integration.,DELIVERY,LOW
delivery-window,"Delivery window question (operations console, email)",What time should our office expect the standard stationery delivery. Reported through email for the internal operations console.,DELIVERY,LOW
delivery-window,"Delivery window question (service desk, email)",What time should our office expect the standard stationery delivery. Reported through email for the regional service desk.,DELIVERY,LOW
delivery-window,"Delivery window question (web portal, phone)",What time should our office expect the standard stationery delivery. Reported through telephone for the customer web portal.,DELIVERY,LOW
delivery-window,"Delivery window question (mobile app, phone)",What time should our office expect the standard stationery delivery. Reported through telephone for the mobile application.,DELIVERY,LOW
delivery-window,"Delivery window question (partner integration, phone)",What time should our office expect the standard stationery delivery. Reported through telephone for the partner integration.,DELIVERY,LOW
delivery-window,"Delivery window question (operations console, phone)",What time should our office expect the standard stationery delivery. Reported through telephone for the internal operations console.,DELIVERY,LOW
delivery-window,"Delivery window question (service desk, phone)",What time should our office expect the standard stationery delivery. Reported through telephone for the regional service desk.,DELIVERY,LOW
delivery-window,"Delivery window question (web portal, chat)",What time should our office expect the standard stationery delivery. Reported through live chat for the customer web portal.,DELIVERY,LOW
delivery-window,"Delivery window question (mobile app, chat)",What time should our office expect the standard stationery delivery. Reported through live chat for the mobile application.,DELIVERY,LOW
delivery-window,"Delivery window question (partner integration, chat)",What time should our office expect the standard stationery delivery. Reported through live chat for the partner integration.,DELIVERY,LOW
delivery-window,"Delivery window question (operations console, chat)",What time should our office expect the standard stationery delivery. Reported through live chat for the internal operations console.,DELIVERY,LOW
delivery-window,"Delivery window question (service desk, chat)",What time should our office expect the standard stationery delivery. Reported through live chat for the regional service desk.,DELIVERY,LOW
delivery-window,"Delivery window question (web portal, monitoring)",What time should our office expect the standard stationery delivery. Reported through monitoring alert for the customer web portal.,DELIVERY,LOW
delivery-window,"Delivery window question (mobile app, monitoring)",What time should our office expect the standard stationery delivery. Reported through monitoring alert for the mobile application.,DELIVERY,LOW
delivery-window,"Delivery window question (partner integration, monitoring)",What time should our office expect the standard stationery delivery. Reported through monitoring alert for the partner integration.,DELIVERY,LOW
delivery-window,"Delivery window question (operations console, monitoring)",What time should our office expect the standard stationery delivery. Reported through monitoring alert for the internal operations console.,DELIVERY,LOW
delivery-window,"Delivery window question (service desk, monitoring)",What time should our office expect the standard stationery delivery. Reported through monitoring alert for the regional service desk.,DELIVERY,LOW
technical-crash,"Application crashes (web portal, portal)",The desktop client closes immediately whenever a user opens a saved report. Reported through support portal for the customer web portal.,TECHNICAL,MEDIUM
technical-crash,"Application crashes (mobile app, portal)",The desktop client closes immediately whenever a user opens a saved report. Reported through support portal for the mobile application.,TECHNICAL,MEDIUM
technical-crash,"Application crashes (partner integration, portal)",The desktop client closes immediately whenever a user opens a saved report. Reported through support portal for the partner integration.,TECHNICAL,MEDIUM
technical-crash,"Application crashes (operations console, portal)",The desktop client closes immediately whenever a user opens a saved report. Reported through support portal for the internal operations console.,TECHNICAL,MEDIUM
technical-crash,"Application crashes (service desk, portal)",The desktop client closes immediately whenever a user opens a saved report. Reported through support portal for the regional service desk.,TECHNICAL,MEDIUM
technical-crash,"Application crashes (web portal, email)",The desktop client closes immediately whenever a user opens a saved report. Reported through email for the customer web portal.,TECHNICAL,MEDIUM
technical-crash,"Application crashes (mobile app, email)",The desktop client closes immediately whenever a user opens a saved report. Reported through email for the mobile application.,TECHNICAL,MEDIUM
technical-crash,"Application crashes (partner integration, email)",The desktop client closes immediately whenever a user opens a saved report. Reported through email for the partner integration.,TECHNICAL,MEDIUM
technical-crash,"Application crashes (operations console, email)",The desktop client closes immediately whenever a user opens a saved report. Reported through email for the internal operations console.,TECHNICAL,MEDIUM
technical-crash,"Application crashes (service desk, email)",The desktop client closes immediately whenever a user opens a saved report. Reported through email for the regional service desk.,TECHNICAL,MEDIUM
technical-crash,"Application crashes (web portal, phone)",The desktop client closes immediately whenever a user opens a saved report. Reported through telephone for the customer web portal.,TECHNICAL,MEDIUM
technical-crash,"Application crashes (mobile app, phone)",The desktop client closes immediately whenever a user opens a saved report. Reported through telephone for the mobile application.,TECHNICAL,MEDIUM
technical-crash,"Application crashes (partner integration, phone)",The desktop client closes immediately whenever a user opens a saved report. Reported through telephone for the partner integration.,TECHNICAL,MEDIUM
technical-crash,"Application crashes (operations console, phone)",The desktop client closes immediately whenever a user opens a saved report. Reported through telephone for the internal operations console.,TECHNICAL,MEDIUM
technical-crash,"Application crashes (service desk, phone)",The desktop client closes immediately whenever a user opens a saved report. Reported through telephone for the regional service desk.,TECHNICAL,MEDIUM
technical-crash,"Application crashes (web portal, chat)",The desktop client closes immediately whenever a user opens a saved report. Reported through live chat for the customer web portal.,TECHNICAL,MEDIUM
technical-crash,"Application crashes (mobile app, chat)",The desktop client closes immediately whenever a user opens a saved report. Reported through live chat for the mobile application.,TECHNICAL,MEDIUM
technical-crash,"Application crashes (partner integration, chat)",The desktop client closes immediately whenever a user opens a saved report. Reported through live chat for the partner integration.,TECHNICAL,MEDIUM
technical-crash,"Application crashes (operations console, chat)",The desktop client closes immediately whenever a user opens a saved report. Reported through live chat for the internal operations console.,TECHNICAL,MEDIUM
technical-crash,"Application crashes (service desk, chat)",The desktop client closes immediately whenever a user opens a saved report. Reported through live chat for the regional service desk.,TECHNICAL,MEDIUM
technical-crash,"Application crashes (web portal, monitoring)",The desktop client closes immediately whenever a user opens a saved report. Reported through monitoring alert for the customer web portal.,TECHNICAL,MEDIUM
technical-crash,"Application crashes (mobile app, monitoring)",The desktop client closes immediately whenever a user opens a saved report. Reported through monitoring alert for the mobile application.,TECHNICAL,MEDIUM
technical-crash,"Application crashes (partner integration, monitoring)",The desktop client closes immediately whenever a user opens a saved report. Reported through monitoring alert for the partner integration.,TECHNICAL,MEDIUM
technical-crash,"Application crashes (operations console, monitoring)",The desktop client closes immediately whenever a user opens a saved report. Reported through monitoring alert for the internal operations console.,TECHNICAL,MEDIUM
technical-crash,"Application crashes (service desk, monitoring)",The desktop client closes immediately whenever a user opens a saved report. Reported through monitoring alert for the regional service desk.,TECHNICAL,MEDIUM
technical-api-outage,"Production API is down (web portal, portal)",All API requests return server errors and customer workflows are blocked. Reported through support portal for the customer web portal.,TECHNICAL,HIGH
technical-api-outage,"Production API is down (mobile app, portal)",All API requests return server errors and customer workflows are blocked. Reported through support portal for the mobile application.,TECHNICAL,HIGH
technical-api-outage,"Production API is down (partner integration, portal)",All API requests return server errors and customer workflows are blocked. Reported through support portal for the partner integration.,TECHNICAL,HIGH
technical-api-outage,"Production API is down (operations console, portal)",All API requests return server errors and customer workflows are blocked. Reported through support portal for the internal operations console.,TECHNICAL,HIGH
technical-api-outage,"Production API is down (service desk, portal)",All API requests return server errors and customer workflows are blocked. Reported through support portal for the regional service desk.,TECHNICAL,HIGH
technical-api-outage,"Production API is down (web portal, email)",All API requests return server errors and customer workflows are blocked. Reported through email for the customer web portal.,TECHNICAL,HIGH
technical-api-outage,"Production API is down (mobile app, email)",All API requests return server errors and customer workflows are blocked. Reported through email for the mobile application.,TECHNICAL,HIGH
technical-api-outage,"Production API is down (partner integration, email)",All API requests return server errors and customer workflows are blocked. Reported through email for the partner integration.,TECHNICAL,HIGH
technical-api-outage,"Production API is down (operations console, email)",All API requests return server errors and customer workflows are blocked. Reported through email for the internal operations console.,TECHNICAL,HIGH
technical-api-outage,"Production API is down (service desk, email)",All API requests return server errors and customer workflows are blocked. Reported through email for the regional service desk.,TECHNICAL,HIGH
technical-api-outage,"Production API is down (web portal, phone)",All API requests return server errors and customer workflows are blocked. Reported through telephone for the customer web portal.,TECHNICAL,HIGH
technical-api-outage,"Production API is down (mobile app, phone)",All API requests return server errors and customer workflows are blocked. Reported through telephone for the mobile application.,TECHNICAL,HIGH
technical-api-outage,"Production API is down (partner integration, phone)",All API requests return server errors and customer workflows are blocked. Reported through telephone for the partner integration.,TECHNICAL,HIGH
technical-api-outage,"Production API is down (operations console, phone)",All API requests return server errors and customer workflows are blocked. Reported through telephone for the internal operations console.,TECHNICAL,HIGH
technical-api-outage,"Production API is down (service desk, phone)",All API requests return server errors and customer workflows are blocked. Reported through telephone for the regional service desk.,TECHNICAL,HIGH
technical-api-outage,"Production API is down (web portal, chat)",All API requests return server errors and customer workflows are blocked. Reported through live chat for the customer web portal.,TECHNICAL,HIGH
technical-api-outage,"Production API is down (mobile app, chat)",All API requests return server errors and customer workflows are blocked. Reported through live chat for the mobile application.,TECHNICAL,HIGH
technical-api-outage,"Production API is down (partner integration, chat)",All API requests return server errors and customer workflows are blocked. Reported through live chat for the partner integration.,TECHNICAL,HIGH
technical-api-outage,"Production API is down (operations console, chat)",All API requests return server errors and customer workflows are blocked. Reported through live chat for the internal operations console.,TECHNICAL,HIGH
technical-api-outage,"Production API is down (service desk, chat)",All API requests return server errors and customer workflows are blocked. Reported through live chat for the regional service desk.,TECHNICAL,HIGH
technical-api-outage,"Production API is down (web portal, monitoring)",All API requests return server errors and customer workflows are blocked. Reported through monitoring alert for the customer web portal.,TECHNICAL,HIGH
technical-api-outage,"Production API is down (mobile app, monitoring)",All API requests return server errors and customer workflows are blocked. Reported through monitoring alert for the mobile application.,TECHNICAL,HIGH
technical-api-outage,"Production API is down (partner integration, monitoring)",All API requests return server errors and customer workflows are blocked. Reported through monitoring alert for the partner integration.,TECHNICAL,HIGH
technical-api-outage,"Production API is down (operations console, monitoring)",All API requests return server errors and customer workflows are blocked. Reported through monitoring alert for the internal operations console.,TECHNICAL,HIGH
technical-api-outage,"Production API is down (service desk, monitoring)",All API requests return server errors and customer workflows are blocked. Reported through monitoring alert for the regional service desk.,TECHNICAL,HIGH
technical-export,"How to export data (web portal, portal)",Please explain how to export a project list to a comma separated file. Reported through support portal for the customer web portal.,TECHNICAL,LOW
technical-export,"How to export data (mobile app, portal)",Please explain how to export a project list to a comma separated file. Reported through support portal for the mobile application.,TECHNICAL,LOW
technical-export,"How to export data (partner integration, portal)",Please explain how to export a project list to a comma separated file. Reported through support portal for the partner integration.,TECHNICAL,LOW
technical-export,"How to export data (operations console, portal)",Please explain how to export a project list to a comma separated file. Reported through support portal for the internal operations console.,TECHNICAL,LOW
technical-export,"How to export data (service desk, portal)",Please explain how to export a project list to a comma separated file. Reported through support portal for the regional service desk.,TECHNICAL,LOW
technical-export,"How to export data (web portal, email)",Please explain how to export a project list to a comma separated file. Reported through email for the customer web portal.,TECHNICAL,LOW
technical-export,"How to export data (mobile app, email)",Please explain how to export a project list to a comma separated file. Reported through email for the mobile application.,TECHNICAL,LOW
technical-export,"How to export data (partner integration, email)",Please explain how to export a project list to a comma separated file. Reported through email for the partner integration.,TECHNICAL,LOW
technical-export,"How to export data (operations console, email)",Please explain how to export a project list to a comma separated file. Reported through email for the internal operations console.,TECHNICAL,LOW
technical-export,"How to export data (service desk, email)",Please explain how to export a project list to a comma separated file. Reported through email for the regional service desk.,TECHNICAL,LOW
technical-export,"How to export data (web portal, phone)",Please explain how to export a project list to a comma separated file. Reported through telephone for the customer web portal.,TECHNICAL,LOW
technical-export,"How to export data (mobile app, phone)",Please explain how to export a project list to a comma separated file. Reported through telephone for the mobile application.,TECHNICAL,LOW
technical-export,"How to export data (partner integration, phone)",Please explain how to export a project list to a comma separated file. Reported through telephone for the partner integration.,TECHNICAL,LOW
technical-export,"How to export data (operations console, phone)",Please explain how to export a project list to a comma separated file. Reported through telephone for the internal operations console.,TECHNICAL,LOW
technical-export,"How to export data (service desk, phone)",Please explain how to export a project list to a comma separated file. Reported through telephone for the regional service desk.,TECHNICAL,LOW
technical-export,"How to export data (web portal, chat)",Please explain how to export a project list to a comma separated file. Reported through live chat for the customer web portal.,TECHNICAL,LOW
technical-export,"How to export data (mobile app, chat)",Please explain how to export a project list to a comma separated file. Reported through live chat for the mobile application.,TECHNICAL,LOW
technical-export,"How to export data (partner integration, chat)",Please explain how to export a project list to a comma separated file. Reported through live chat for the partner integration.,TECHNICAL,LOW
technical-export,"How to export data (operations console, chat)",Please explain how to export a project list to a comma separated file. Reported through live chat for the internal operations console.,TECHNICAL,LOW
technical-export,"How to export data (service desk, chat)",Please explain how to export a project list to a comma separated file. Reported through live chat for the regional service desk.,TECHNICAL,LOW
technical-export,"How to export data (web portal, monitoring)",Please explain how to export a project list to a comma separated file. Reported through monitoring alert for the customer web portal.,TECHNICAL,LOW
technical-export,"How to export data (mobile app, monitoring)",Please explain how to export a project list to a comma separated file. Reported through monitoring alert for the mobile application.,TECHNICAL,LOW
technical-export,"How to export data (partner integration, monitoring)",Please explain how to export a project list to a comma separated file. Reported through monitoring alert for the partner integration.,TECHNICAL,LOW
technical-export,"How to export data (operations console, monitoring)",Please explain how to export a project list to a comma separated file. Reported through monitoring alert for the internal operations console.,TECHNICAL,LOW
technical-export,"How to export data (service desk, monitoring)",Please explain how to export a project list to a comma separated file. Reported through monitoring alert for the regional service desk.,TECHNICAL,LOW
technical-database-timeout,"Database connection timeout (web portal, portal)",The application cannot connect to the primary database after maintenance. Reported through support portal for the customer web portal.,TECHNICAL,HIGH
technical-database-timeout,"Database connection timeout (mobile app, portal)",The application cannot connect to the primary database after maintenance. Reported through support portal for the mobile application.,TECHNICAL,HIGH
technical-database-timeout,"Database connection timeout (partner integration, portal)",The application cannot connect to the primary database after maintenance. Reported through support portal for the partner integration.,TECHNICAL,HIGH
technical-database-timeout,"Database connection timeout (operations console, portal)",The application cannot connect to the primary database after maintenance. Reported through support portal for the internal operations console.,TECHNICAL,HIGH
technical-database-timeout,"Database connection timeout (service desk, portal)",The application cannot connect to the primary database after maintenance. Reported through support portal for the regional service desk.,TECHNICAL,HIGH
technical-database-timeout,"Database connection timeout (web portal, email)",The application cannot connect to the primary database after maintenance. Reported through email for the customer web portal.,TECHNICAL,HIGH
technical-database-timeout,"Database connection timeout (mobile app, email)",The application cannot connect to the primary database after maintenance. Reported through email for the mobile application.,TECHNICAL,HIGH
technical-database-timeout,"Database connection timeout (partner integration, email)",The application cannot connect to the primary database after maintenance. Reported through email for the partner integration.,TECHNICAL,HIGH
technical-database-timeout,"Database connection timeout (operations console, email)",The application cannot connect to the primary database after maintenance. Reported through email for the internal operations console.,TECHNICAL,HIGH
technical-database-timeout,"Database connection timeout (service desk, email)",The application cannot connect to the primary database after maintenance. Reported through email for the regional service desk.,TECHNICAL,HIGH
technical-database-timeout,"Database connection timeout (web portal, phone)",The application cannot connect to the primary database after maintenance. Reported through telephone for the customer web portal.,TECHNICAL,HIGH
technical-database-timeout,"Database connection timeout (mobile app, phone)",The application cannot connect to the primary database after maintenance. Reported through telephone for the mobile application.,TECHNICAL,HIGH
technical-database-timeout,"Database connection timeout (partner integration, phone)",The application cannot connect to the primary database after maintenance. Reported through telephone for the partner integration.,TECHNICAL,HIGH
technical-database-timeout,"Database connection timeout (operations console, phone)",The application cannot connect to the primary database after maintenance. Reported through telephone for the internal operations console.,TECHNICAL,HIGH
technical-database-timeout,"Database connection timeout (service desk, phone)",The application cannot connect to the primary database after maintenance. Reported through telephone for the regional service desk.,TECHNICAL,HIGH
technical-database-timeout,"Database connection timeout (web portal, chat)",The application cannot connect to the primary database after maintenance. Reported through live chat for the customer web portal.,TECHNICAL,HIGH
technical-database-timeout,"Database connection timeout (mobile app, chat)",The application cannot connect to the primary database after maintenance. Reported through live chat for the mobile application.,TECHNICAL,HIGH
technical-database-timeout,"Database connection timeout (partner integration, chat)",The application cannot connect to the primary database after maintenance. Reported through live chat for the partner integration.,TECHNICAL,HIGH
technical-database-timeout,"Database connection timeout (operations console, chat)",The application cannot connect to the primary database after maintenance. Reported through live chat for the internal operations console.,TECHNICAL,HIGH
technical-database-timeout,"Database connection timeout (service desk, chat)",The application cannot connect to the primary database after maintenance. Reported through live chat for the regional service desk.,TECHNICAL,HIGH
technical-database-timeout,"Database connection timeout (web portal, monitoring)",The application cannot connect to the primary database after maintenance. Reported through monitoring alert for the customer web portal.,TECHNICAL,HIGH
technical-database-timeout,"Database connection timeout (mobile app, monitoring)",The application cannot connect to the primary database after maintenance. Reported through monitoring alert for the mobile application.,TECHNICAL,HIGH
technical-database-timeout,"Database connection timeout (partner integration, monitoring)",The application cannot connect to the primary database after maintenance. Reported through monitoring alert for the partner integration.,TECHNICAL,HIGH
technical-database-timeout,"Database connection timeout (operations console, monitoring)",The application cannot connect to the primary database after maintenance. Reported through monitoring alert for the internal operations console.,TECHNICAL,HIGH
technical-database-timeout,"Database connection timeout (service desk, monitoring)",The application cannot connect to the primary database after maintenance. Reported through monitoring alert for the regional service desk.,TECHNICAL,HIGH
technical-layout,"Screen layout issue (web portal, portal)",One button overlaps the heading on a small tablet display. Reported through support portal for the customer web portal.,TECHNICAL,LOW
technical-layout,"Screen layout issue (mobile app, portal)",One button overlaps the heading on a small tablet display. Reported through support portal for the mobile application.,TECHNICAL,LOW
technical-layout,"Screen layout issue (partner integration, portal)",One button overlaps the heading on a small tablet display. Reported through support portal for the partner integration.,TECHNICAL,LOW
technical-layout,"Screen layout issue (operations console, portal)",One button overlaps the heading on a small tablet display. Reported through support portal for the internal operations console.,TECHNICAL,LOW
technical-layout,"Screen layout issue (service desk, portal)",One button overlaps the heading on a small tablet display. Reported through support portal for the regional service desk.,TECHNICAL,LOW
technical-layout,"Screen layout issue (web portal, email)",One button overlaps the heading on a small tablet display. Reported through email for the customer web portal.,TECHNICAL,LOW
technical-layout,"Screen layout issue (mobile app, email)",One button overlaps the heading on a small tablet display. Reported through email for the mobile application.,TECHNICAL,LOW
technical-layout,"Screen layout issue (partner integration, email)",One button overlaps the heading on a small tablet display. Reported through email for the partner integration.,TECHNICAL,LOW
technical-layout,"Screen layout issue (operations console, email)",One button overlaps the heading on a small tablet display. Reported through email for the internal operations console.,TECHNICAL,LOW
technical-layout,"Screen layout issue (service desk, email)",One button overlaps the heading on a small tablet display. Reported through email for the regional service desk.,TECHNICAL,LOW
technical-layout,"Screen layout issue (web portal, phone)",One button overlaps the heading on a small tablet display. Reported through telephone for the customer web portal.,TECHNICAL,LOW
technical-layout,"Screen layout issue (mobile app, phone)",One button overlaps the heading on a small tablet display. Reported through telephone for the mobile application.,TECHNICAL,LOW
technical-layout,"Screen layout issue (partner integration, phone)",One button overlaps the heading on a small tablet display. Reported through telephone for the partner integration.,TECHNICAL,LOW
technical-layout,"Screen layout issue (operations console, phone)",One button overlaps the heading on a small tablet display. Reported through telephone for the internal operations console.,TECHNICAL,LOW
technical-layout,"Screen layout issue (service desk, phone)",One button overlaps the heading on a small tablet display. Reported through telephone for the regional service desk.,TECHNICAL,LOW
technical-layout,"Screen layout issue (web portal, chat)",One button overlaps the heading on a small tablet display. Reported through live chat for the customer web portal.,TECHNICAL,LOW
technical-layout,"Screen layout issue (mobile app, chat)",One button overlaps the heading on a small tablet display. Reported through live chat for the mobile application.,TECHNICAL,LOW
technical-layout,"Screen layout issue (partner integration, chat)",One button overlaps the heading on a small tablet display. Reported through live chat for the partner integration.,TECHNICAL,LOW
technical-layout,"Screen layout issue (operations console, chat)",One button overlaps the heading on a small tablet display. Reported through live chat for the internal operations console.,TECHNICAL,LOW
technical-layout,"Screen layout issue (service desk, chat)",One button overlaps the heading on a small tablet display. Reported through live chat for the regional service desk.,TECHNICAL,LOW
technical-layout,"Screen layout issue (web portal, monitoring)",One button overlaps the heading on a small tablet display. Reported through monitoring alert for the customer web portal.,TECHNICAL,LOW
technical-layout,"Screen layout issue (mobile app, monitoring)",One button overlaps the heading on a small tablet display. Reported through monitoring alert for the mobile application.,TECHNICAL,LOW
technical-layout,"Screen layout issue (partner integration, monitoring)",One button overlaps the heading on a small tablet display. Reported through monitoring alert for the partner integration.,TECHNICAL,LOW
technical-layout,"Screen layout issue (operations console, monitoring)",One button overlaps the heading on a small tablet display. Reported through monitoring alert for the internal operations console.,TECHNICAL,LOW
technical-layout,"Screen layout issue (service desk, monitoring)",One button overlaps the heading on a small tablet display. Reported through monitoring alert for the regional service desk.,TECHNICAL,LOW
technical-slow-reports,"Reports load slowly (web portal, portal)",The weekly operations report takes more than three minutes to open. Reported through support portal for the customer web portal.,TECHNICAL,MEDIUM
technical-slow-reports,"Reports load slowly (mobile app, portal)",The weekly operations report takes more than three minutes to open. Reported through support portal for the mobile application.,TECHNICAL,MEDIUM
technical-slow-reports,"Reports load slowly (partner integration, portal)",The weekly operations report takes more than three minutes to open. Reported through support portal for the partner integration.,TECHNICAL,MEDIUM
technical-slow-reports,"Reports load slowly (operations console, portal)",The weekly operations report takes more than three minutes to open. Reported through support portal for the internal operations console.,TECHNICAL,MEDIUM
technical-slow-reports,"Reports load slowly (service desk, portal)",The weekly operations report takes more than three minutes to open. Reported through support portal for the regional service desk.,TECHNICAL,MEDIUM
technical-slow-reports,"Reports load slowly (web portal, email)",The weekly operations report takes more than three minutes to open. Reported through email for the customer web portal.,TECHNICAL,MEDIUM
technical-slow-reports,"Reports load slowly (mobile app, email)",The weekly operations report takes more than three minutes to open. Reported through email for the mobile application.,TECHNICAL,MEDIUM
technical-slow-reports,"Reports load slowly (partner integration, email)",The weekly operations report takes more than three minutes to open. Reported through email for the partner integration.,TECHNICAL,MEDIUM
technical-slow-reports,"Reports load slowly (operations console, email)",The weekly operations report takes more than three minutes to open. Reported through email for the internal operations console.,TECHNICAL,MEDIUM
technical-slow-reports,"Reports load slowly (service desk, email)",The weekly operations report takes more than three minutes to open. Reported through email for the regional service desk.,TECHNICAL,MEDIUM
technical-slow-reports,"Reports load slowly (web portal, phone)",The weekly operations report takes more than three minutes to open. Reported through telephone for the customer web portal.,TECHNICAL,MEDIUM
technical-slow-reports,"Reports load slowly (mobile app, phone)",The weekly operations report takes more than three minutes to open. Reported through telephone for the mobile application.,TECHNICAL,MEDIUM
technical-slow-reports,"Reports load slowly (partner integration, phone)",The weekly operations report takes more than three minutes to open. Reported through telephone for the partner integration.,TECHNICAL,MEDIUM
technical-slow-reports,"Reports load slowly (operations console, phone)",The weekly operations report takes more than three minutes to open. Reported through telephone for the internal operations console.,TECHNICAL,MEDIUM
technical-slow-reports,"Reports load slowly (service desk, phone)",The weekly operations report takes more than three minutes to open. Reported through telephone for the regional service desk.,TECHNICAL,MEDIUM
technical-slow-reports,"Reports load slowly (web portal, chat)",The weekly operations report takes more than three minutes to open. Reported through live chat for the customer web portal.,TECHNICAL,MEDIUM
technical-slow-reports,"Reports load slowly (mobile app, chat)",The weekly operations report takes more than three minutes to open. Reported through live chat for the mobile application.,TECHNICAL,MEDIUM
technical-slow-reports,"Reports load slowly (partner integration, chat)",The weekly operations report takes more than three minutes to open. Reported through live chat for the partner integration.,TECHNICAL,MEDIUM
technical-slow-reports,"Reports load slowly (operations console, chat)",The weekly operations report takes more than three minutes to open. Reported through live chat for the internal operations console.,TECHNICAL,MEDIUM
technical-slow-reports,"Reports load slowly (service desk, chat)",The weekly operations report takes more than three minutes to open. Reported through live chat for the regional service desk.,TECHNICAL,MEDIUM
technical-slow-reports,"Reports load slowly (web portal, monitoring)",The weekly operations report takes more than three minutes to open. Reported through monitoring alert for the customer web portal.,TECHNICAL,MEDIUM
technical-slow-reports,"Reports load slowly (mobile app, monitoring)",The weekly operations report takes more than three minutes to open. Reported through monitoring alert for the mobile application.,TECHNICAL,MEDIUM
technical-slow-reports,"Reports load slowly (partner integration, monitoring)",The weekly operations report takes more than three minutes to open. Reported through monitoring alert for the partner integration.,TECHNICAL,MEDIUM
technical-slow-reports,"Reports load slowly (operations console, monitoring)",The weekly operations report takes more than three minutes to open. Reported through monitoring alert for the internal operations console.,TECHNICAL,MEDIUM
technical-slow-reports,"Reports load slowly (service desk, monitoring)",The weekly operations report takes more than three minutes to open. Reported through monitoring alert for the regional service desk.,TECHNICAL,MEDIUM
technical-sync-outage,"Data synchronization stopped (web portal, portal)",New orders have not synchronized to the warehouse system since midnight. Reported through support portal for the customer web portal.,TECHNICAL,HIGH
technical-sync-outage,"Data synchronization stopped (mobile app, portal)",New orders have not synchronized to the warehouse system since midnight. Reported through support portal for the mobile application.,TECHNICAL,HIGH
technical-sync-outage,"Data synchronization stopped (partner integration, portal)",New orders have not synchronized to the warehouse system since midnight. Reported through support portal for the partner integration.,TECHNICAL,HIGH
technical-sync-outage,"Data synchronization stopped (operations console, portal)",New orders have not synchronized to the warehouse system since midnight. Reported through support portal for the internal operations console.,TECHNICAL,HIGH
technical-sync-outage,"Data synchronization stopped (service desk, portal)",New orders have not synchronized to the warehouse system since midnight. Reported through support portal for the regional service desk.,TECHNICAL,HIGH
technical-sync-outage,"Data synchronization stopped (web portal, email)",New orders have not synchronized to the warehouse system since midnight. Reported through email for the customer web portal.,TECHNICAL,HIGH
technical-sync-outage,"Data synchronization stopped (mobile app, email)",New orders have not synchronized to the warehouse system since midnight. Reported through email for the mobile application.,TECHNICAL,HIGH
technical-sync-outage,"Data synchronization stopped (partner integration, email)",New orders have not synchronized to the warehouse system since midnight. Reported through email for the partner integration.,TECHNICAL,HIGH
technical-sync-outage,"Data synchronization stopped (operations console, email)",New orders have not synchronized to the warehouse system since midnight. Reported through email for the internal operations console.,TECHNICAL,HIGH
technical-sync-outage,"Data synchronization stopped (service desk, email)",New orders have not synchronized to the warehouse system since midnight. Reported through email for the regional service desk.,TECHNICAL,HIGH
technical-sync-outage,"Data synchronization stopped (web portal, phone)",New orders have not synchronized to the warehouse system since midnight. Reported through telephone for the customer web portal.,TECHNICAL,HIGH
technical-sync-outage,"Data synchronization stopped (mobile app, phone)",New orders have not synchronized to the warehouse system since midnight. Reported through telephone for the mobile application.,TECHNICAL,HIGH
technical-sync-outage,"Data synchronization stopped (partner integration, phone)",New orders have not synchronized to the warehouse system since midnight. Reported through telephone for the partner integration.,TECHNICAL,HIGH
technical-sync-outage,"Data synchronization stopped (operations console, phone)",New orders have not synchronized to the warehouse system since midnight. Reported through telephone for the internal operations console.,TECHNICAL,HIGH
technical-sync-outage,"Data synchronization stopped (service desk, phone)",New orders have not synchronized to the warehouse system since midnight. Reported through telephone for the regional service desk.,TECHNICAL,HIGH
technical-sync-outage,"Data synchronization stopped (web portal, chat)",New orders have not synchronized to the warehouse system since midnight. Reported through live chat for the customer web portal.,TECHNICAL,HIGH
technical-sync-outage,"Data synchronization stopped (mobile app, chat)",New orders have not synchronized to the warehouse system since midnight. Reported through live chat for the mobile application.,TECHNICAL,HIGH
technical-sync-outage,"Data synchronization stopped (partner integration, chat)",New orders have not synchronized to the warehouse system since midnight. Reported through live chat for the partner integration.,TECHNICAL,HIGH
technical-sync-outage,"Data synchronization stopped (operations console, chat)",New orders have not synchronized to the warehouse system since midnight. Reported through live chat for the internal operations console.,TECHNICAL,HIGH
technical-sync-outage,"Data synchronization stopped (service desk, chat)",New orders have not synchronized to the warehouse system since midnight. Reported through live chat for the regional service desk.,TECHNICAL,HIGH
technical-sync-outage,"Data synchronization stopped (web portal, monitoring)",New orders have not synchronized to the warehouse system since midnight. Reported through monitoring alert for the customer web portal.,TECHNICAL,HIGH
technical-sync-outage,"Data synchronization stopped (mobile app, monitoring)",New orders have not synchronized to the warehouse system since midnight. Reported through monitoring alert for the mobile application.,TECHNICAL,HIGH
technical-sync-outage,"Data synchronization stopped (partner integration, monitoring)",New orders have not synchronized to the warehouse system since midnight. Reported through monitoring alert for the partner integration.,TECHNICAL,HIGH
technical-sync-outage,"Data synchronization stopped (operations console, monitoring)",New orders have not synchronized to the warehouse system since midnight. Reported through monitoring alert for the internal operations console.,TECHNICAL,HIGH
technical-sync-outage,"Data synchronization stopped (service desk, monitoring)",New orders have not synchronized to the warehouse system since midnight. Reported through monitoring alert for the regional service desk.,TECHNICAL,HIGH
technical-browser-warning,"Browser warning (web portal, portal)",The settings page shows a console warning but continues to work normally. Reported through support portal for the customer web portal.,TECHNICAL,LOW
technical-browser-warning,"Browser warning (mobile app, portal)",The settings page shows a console warning but continues to work normally. Reported through support portal for the mobile application.,TECHNICAL,LOW
technical-browser-warning,"Browser warning (partner integration, portal)",The settings page shows a console warning but continues to work normally. Reported through support portal for the partner integration.,TECHNICAL,LOW
technical-browser-warning,"Browser warning (operations console, portal)",The settings page shows a console warning but continues to work normally. Reported through support portal for the internal operations console.,TECHNICAL,LOW
technical-browser-warning,"Browser warning (service desk, portal)",The settings page shows a console warning but continues to work normally. Reported through support portal for the regional service desk.,TECHNICAL,LOW
technical-browser-warning,"Browser warning (web portal, email)",The settings page shows a console warning but continues to work normally. Reported through email for the customer web portal.,TECHNICAL,LOW
technical-browser-warning,"Browser warning (mobile app, email)",The settings page shows a console warning but continues to work normally. Reported through email for the mobile application.,TECHNICAL,LOW
technical-browser-warning,"Browser warning (partner integration, email)",The settings page shows a console warning but continues to work normally. Reported through email for the partner integration.,TECHNICAL,LOW
technical-browser-warning,"Browser warning (operations console, email)",The settings page shows a console warning but continues to work normally. Reported through email for the internal operations console.,TECHNICAL,LOW
technical-browser-warning,"Browser warning (service desk, email)",The settings page shows a console warning but continues to work normally. Reported through email for the regional service desk.,TECHNICAL,LOW
technical-browser-warning,"Browser warning (web portal, phone)",The settings page shows a console warning but continues to work normally. Reported through telephone for the customer web portal.,TECHNICAL,LOW
technical-browser-warning,"Browser warning (mobile app, phone)",The settings page shows a console warning but continues to work normally. Reported through telephone for the mobile application.,TECHNICAL,LOW
technical-browser-warning,"Browser warning (partner integration, phone)",The settings page shows a console warning but continues to work normally. Reported through telephone for the partner integration.,TECHNICAL,LOW
technical-browser-warning,"Browser warning (operations console, phone)",The settings page shows a console warning but continues to work normally. Reported through telephone for the internal operations console.,TECHNICAL,LOW
technical-browser-warning,"Browser warning (service desk, phone)",The settings page shows a console warning but continues to work normally. Reported through telephone for the regional service desk.,TECHNICAL,LOW
technical-browser-warning,"Browser warning (web portal, chat)",The settings page shows a console warning but continues to work normally. Reported through live chat for the customer web portal.,TECHNICAL,LOW
technical-browser-warning,"Browser warning (mobile app, chat)",The settings page shows a console warning but continues to work normally. Reported through live chat for the mobile application.,TECHNICAL,LOW
technical-browser-warning,"Browser warning (partner integration, chat)",The settings page shows a console warning but continues to work normally. Reported through live chat for the partner integration.,TECHNICAL,LOW
technical-browser-warning,"Browser warning (operations console, chat)",The settings page shows a console warning but continues to work normally. Reported through live chat for the internal operations console.,TECHNICAL,LOW
technical-browser-warning,"Browser warning (service desk, chat)",The settings page shows a console warning but continues to work normally. Reported through live chat for the regional service desk.,TECHNICAL,LOW
technical-browser-warning,"Browser warning (web portal, monitoring)",The settings page shows a console warning but continues to work normally. Reported through monitoring alert for the customer web portal.,TECHNICAL,LOW
technical-browser-warning,"Browser warning (mobile app, monitoring)",The settings page shows a console warning but continues to work normally. Reported through monitoring alert for the mobile application.,TECHNICAL,LOW
technical-browser-warning,"Browser warning (partner integration, monitoring)",The settings page shows a console warning but continues to work normally. Reported through monitoring alert for the partner integration.,TECHNICAL,LOW
technical-browser-warning,"Browser warning (operations console, monitoring)",The settings page shows a console warning but continues to work normally. Reported through monitoring alert for the internal operations console.,TECHNICAL,LOW
technical-browser-warning,"Browser warning (service desk, monitoring)",The settings page shows a console warning but continues to work normally. Reported through monitoring alert for the regional service desk.,TECHNICAL,LOW
technical-upload,"File upload fails (web portal, portal)",Uploading documents over five megabytes ends with an unknown error. Reported through support portal for the customer web portal.,TECHNICAL,MEDIUM
technical-upload,"File upload fails (mobile app, portal)",Uploading documents over five megabytes ends with an unknown error. Reported through support portal for the mobile application.,TECHNICAL,MEDIUM
technical-upload,"File upload fails (partner integration, portal)",Uploading documents over five megabytes ends with an unknown error. Reported through support portal for the partner integration.,TECHNICAL,MEDIUM
technical-upload,"File upload fails (operations console, portal)",Uploading documents over five megabytes ends with an unknown error. Reported through support portal for the internal operations console.,TECHNICAL,MEDIUM
technical-upload,"File upload fails (service desk, portal)",Uploading documents over five megabytes ends with an unknown error. Reported through support portal for the regional service desk.,TECHNICAL,MEDIUM
technical-upload,"File upload fails (web portal, email)",Uploading documents over five megabytes ends with an unknown error. Reported through email for the customer web portal.,TECHNICAL,MEDIUM
technical-upload,"File upload fails (mobile app, email)",Uploading documents over five megabytes ends with an unknown error. Reported through email for the mobile application.,TECHNICAL,MEDIUM
technical-upload,"File upload fails (partner integration, email)",Uploading documents over five megabytes ends with an unknown error. Reported through email for the partner integration.,TECHNICAL,MEDIUM
technical-upload,"File upload fails (operations console, email)",Uploading documents over five megabytes ends with an unknown error. Reported through email for the internal operations console.,TECHNICAL,MEDIUM
technical-upload,"File upload fails (service desk, email)",Uploading documents over five megabytes ends with an unknown error. Reported through email for the regional service desk.,TECHNICAL,MEDIUM
technical-upload,"File upload fails (web portal, phone)",Uploading documents over five megabytes ends with an unknown error. Reported through telephone for the customer web portal.,TECHNICAL,MEDIUM
technical-upload,"File upload fails (mobile app, phone)",Uploading documents over five megabytes ends with an unknown error. Reported through telephone for the mobile application.,TECHNICAL,MEDIUM
technical-upload,"File upload fails (partner integration, phone)",Uploading documents over five megabytes ends with an unknown error. Reported through telephone for the partner integration.,TECHNICAL,MEDIUM
technical-upload,"File upload fails (operations console, phone)",Uploading documents over five megabytes ends with an unknown error. Reported through telephone for the internal operations console.,TECHNICAL,MEDIUM
technical-upload,"File upload fails (service desk, phone)",Uploading documents over five megabytes ends with an unknown error. Reported through telephone for the regional service desk.,TECHNICAL,MEDIUM
technical-upload,"File upload fails (web portal, chat)",Uploading documents over five megabytes ends with an unknown error. Reported through live chat for the customer web portal.,TECHNICAL,MEDIUM
technical-upload,"File upload fails (mobile app, chat)",Uploading documents over five megabytes ends with an unknown error. Reported through live chat for the mobile application.,TECHNICAL,MEDIUM
technical-upload,"File upload fails (partner integration, chat)",Uploading documents over five megabytes ends with an unknown error. Reported through live chat for the partner integration.,TECHNICAL,MEDIUM
technical-upload,"File upload fails (operations console, chat)",Uploading documents over five megabytes ends with an unknown error. Reported through live chat for the internal operations console.,TECHNICAL,MEDIUM
technical-upload,"File upload fails (service desk, chat)",Uploading documents over five megabytes ends with an unknown error. Reported through live chat for the regional service desk.,TECHNICAL,MEDIUM
technical-upload,"File upload fails (web portal, monitoring)",Uploading documents over five megabytes ends with an unknown error. Reported through monitoring alert for the customer web portal.,TECHNICAL,MEDIUM
technical-upload,"File upload fails (mobile app, monitoring)",Uploading documents over five megabytes ends with an unknown error. Reported through monitoring alert for the mobile application.,TECHNICAL,MEDIUM
technical-upload,"File upload fails (partner integration, monitoring)",Uploading documents over five megabytes ends with an unknown error. Reported through monitoring alert for the partner integration.,TECHNICAL,MEDIUM
technical-upload,"File upload fails (operations console, monitoring)",Uploading documents over five megabytes ends with an unknown error. Reported through monitoring alert for the internal operations console.,TECHNICAL,MEDIUM
technical-upload,"File upload fails (service desk, monitoring)",Uploading documents over five megabytes ends with an unknown error. Reported through monitoring alert for the regional service desk.,TECHNICAL,MEDIUM
technical-memory-alarm,"Service memory alarm (web portal, portal)",The production service is restarting repeatedly after exhausting available memory. Reported through support portal for the customer web portal.,TECHNICAL,HIGH
technical-memory-alarm,"Service memory alarm (mobile app, portal)",The production service is restarting repeatedly after exhausting available memory. Reported through support portal for the mobile application.,TECHNICAL,HIGH
technical-memory-alarm,"Service memory alarm (partner integration, portal)",The production service is restarting repeatedly after exhausting available memory. Reported through support portal for the partner integration.,TECHNICAL,HIGH
technical-memory-alarm,"Service memory alarm (operations console, portal)",The production service is restarting repeatedly after exhausting available memory. Reported through support portal for the internal operations console.,TECHNICAL,HIGH
technical-memory-alarm,"Service memory alarm (service desk, portal)",The production service is restarting repeatedly after exhausting available memory. Reported through support portal for the regional service desk.,TECHNICAL,HIGH
technical-memory-alarm,"Service memory alarm (web portal, email)",The production service is restarting repeatedly after exhausting available memory. Reported through email for the customer web portal.,TECHNICAL,HIGH
technical-memory-alarm,"Service memory alarm (mobile app, email)",The production service is restarting repeatedly after exhausting available memory. Reported through email for the mobile application.,TECHNICAL,HIGH
technical-memory-alarm,"Service memory alarm (partner integration, email)",The production service is restarting repeatedly after exhausting available memory. Reported through email for the partner integration.,TECHNICAL,HIGH
technical-memory-alarm,"Service memory alarm (operations console, email)",The production service is restarting repeatedly after exhausting available memory. Reported through email for the internal operations console.,TECHNICAL,HIGH
technical-memory-alarm,"Service memory alarm (service desk, email)",The production service is restarting repeatedly after exhausting available memory. Reported through email for the regional service desk.,TECHNICAL,HIGH
technical-memory-alarm,"Service memory alarm (web portal, phone)",The production service is restarting repeatedly after exhausting available memory. Reported through telephone for the customer web portal.,TECHNICAL,HIGH
technical-memory-alarm,"Service memory alarm (mobile app, phone)",The production service is restarting repeatedly after exhausting available memory. Reported through telephone for the mobile application.,TECHNICAL,HIGH
technical-memory-alarm,"Service memory alarm (partner integration, phone)",The production service is restarting repeatedly after exhausting available memory. Reported through telephone for the partner integration.,TECHNICAL,HIGH
technical-memory-alarm,"Service memory alarm (operations console, phone)",The production service is restarting repeatedly after exhausting available memory. Reported through telephone for the internal operations console.,TECHNICAL,HIGH
technical-memory-alarm,"Service memory alarm (service desk, phone)",The production service is restarting repeatedly after exhausting available memory. Reported through telephone for the regional service desk.,TECHNICAL,HIGH
technical-memory-alarm,"Service memory alarm (web portal, chat)",The production service is restarting repeatedly after exhausting available memory. Reported through live chat for the customer web portal.,TECHNICAL,HIGH
technical-memory-alarm,"Service memory alarm (mobile app, chat)",The production service is restarting repeatedly after exhausting available memory. Reported through live chat for the mobile application.,TECHNICAL,HIGH
technical-memory-alarm,"Service memory alarm (partner integration, chat)",The production service is restarting repeatedly after exhausting available memory. Reported through live chat for the partner integration.,TECHNICAL,HIGH
technical-memory-alarm,"Service memory alarm (operations console, chat)",The production service is restarting repeatedly after exhausting available memory. Reported through live chat for the internal operations console.,TECHNICAL,HIGH
technical-memory-alarm,"Service memory alarm (service desk, chat)",The production service is restarting repeatedly after exhausting available memory. Reported through live chat for the regional service desk.,TECHNICAL,HIGH
technical-memory-alarm,"Service memory alarm (web portal, monitoring)",The production service is restarting repeatedly after exhausting available memory. Reported through monitoring alert for the customer web portal.,TECHNICAL,HIGH
technical-memory-alarm,"Service memory alarm (mobile app, monitoring)",The production service is restarting repeatedly after exhausting available memory. Reported through monitoring alert for the mobile application.,TECHNICAL,HIGH
technical-memory-alarm,"Service memory alarm (partner integration, monitoring)",The production service is restarting repeatedly after exhausting available memory. Reported through monitoring alert for the partner integration.,TECHNICAL,HIGH
technical-memory-alarm,"Service memory alarm (operations console, monitoring)",The production service is restarting repeatedly after exhausting available memory. Reported through monitoring alert for the internal operations console.,TECHNICAL,HIGH
technical-memory-alarm,"Service memory alarm (service desk, monitoring)",The production service is restarting repeatedly after exhausting available memory. Reported through monitoring alert for the regional service desk.,TECHNICAL,HIGH
